record_id,doi,author_year,intervention,climate_group,subset,domain,subtype,pollutant,effect_value,unit,measurement,n_source_rows,condition,source
B000,10.1002/(sici)1097-0088(199805)18:6<681::aid-joc289>3.0.co;2-l,"Upmanis, Eliasson & Lindqvist 1998",greening,continental,validation,thermal,park,,1.33,degC,measured,1,"nocturnal park cool island, means from Fig 6 (m-a)",Knight 2021 Additional file 2 (meta-analysis effect sizes)
B001,10.1002/joc.1330,"Potchter, Cohen & Bitan 2006",greening,mediterranean,fine_tuning,thermal,park,,0.8,degC,measured,1,day/night mean PCI across 3 parks (m-a),Knight 2021 Additional file 2 (meta-analysis effect sizes)
B003,10.1007/bf01040959,Barradas 1991,greening,tropical_semiarid,fine_tuning,thermal,park,,1.28,degC,measured,1,"daytime, rainy season, 5 parks (m-a)",Knight 2021 Additional file 2 (meta-analysis effect sizes)
B004,10.1007/s00376-009-0283-x,Kim_2009,combined,subtropical,validation,thermal,mixed_measures,,0.13,degC,measured,1,"average air temperature anomaly reduction at centre of restored Cheonggye stream vs surrounding metropolitan area, long-term monitoring",Springer article abstract (fetched)
B006,10.1007/s00704-010-0293-8,Chow et al. 2011,greening,mediterranean,fine_tuning,thermal,park,,1.75,degC,measured,1,"daytime autumn, xeric/lawn campus sites vs hard surfaces",Knight 2021 Additional file 5 (outcome data tables)
B007,10.1007/s00704-015-1409-y,Coutts et al. 2015,greening,subtropical,fine_tuning,thermal,street_trees,,0.8,degC,measured,1,"night-time, street with trees vs mixed street, p<0.05",Knight 2021 Additional file 5 (outcome data tables)
B008,10.1007/s10661-008-0483-3,"Zoulia, Santamouris & Dimoudi 2009",greening,mediterranean,validation,thermal,park,,2.43,degC,measured,1,park vs urban station means (m-a),Knight 2021 Additional file 2 (meta-analysis effect sizes)
B009,10.1007/s12053-012-9164-8,Scheer_Clancy_NiHogain_2013,retrofit,oceanic,fine_tuning,energy,retrofit_program,,21,percent,measured,1,"gas consumption -21% (3664 +/- 603 kWh/yr) vs matched control group, 2008 to 2010, first year post-retrofit; shortfall of 36 +/- 8% vs ex-ante engineering estimate of 5676 kWh",Springer abstract page fetched (link.springer.com/article/10.1007/s12053-012-9164-8)
B010,10.1007/s12053-015-9418-3,Adan_Fuerst_2016,retrofit,oceanic,validation,energy,retrofit_program,,11.9,percent,measured,2,annual gas -10.5% (total energy -8.0%) in year after cavity wall insulation alone; boiler alone gas -4.1%; loft insulation alone gas -3.1%; difference-in-difference on NEED metered data,Springer full text fetched (link.springer.com/article/10.1007/s12053-015-9418-3)
B014,10.1016/0360-5442(84)90107-5,Hirst_Bronfman_Goeltz_Trimble_Lerman_Keating_1984,retrofit,oceanic,fine_tuning,energy,retrofit_program,,12.7,percent,measured,1,BPA Residential Weatherization Pilot: program-level weighted electricity savings 12.7% of consumption (n=1409 treated homes); study compared audit-only vs audit+zero-interest-loan groups,"Giandomenico et al. working paper Table 3 (fetched, institute.smartprosperity.ca)"
B015,10.1016/0360-5442(88)90085-0,Goldman_Greely_Harris_1988,retrofit,multi_region,fine_tuning,energy,retrofit_program,,15,percent,measured,1,"median savings ~14-16% of pre-retrofit consumption (midpoint 15 reported): 1450 kWh/unit in electric-heat and 14 MBtu/unit in fuel-heat US multifamily buildings (BECA database, >25000 units)",publisher abstract via RePEc/IDEAS (fetched)
B016,10.1016/0360-5442(95)00027-e,Brown_Berry_1995,retrofit,multi_region,fine_tuning,energy,retrofit_program,,13,percent,measured,1,"natural-gas-heated dwellings: -13.0% of total gas consumption (= 18.3% of space-heating consumption; 17.3 MBtu/yr per dwelling), 1989 national WAP evaluation","ORNL metaevaluation report quoting the National Evaluation (OSTI, doi:10.2172/548845, fetched)"
B017,10.1016/0378-7788(85)90018-0,Hirst_White_Goeltz_McKinstry_1985,retrofit,oceanic,fine_tuning,energy,retrofit_program,,12.7,percent,measured,1,BPA pilot program-level weighted electricity savings 12.7%; actual savings below audit predictions; +0.32 kWh/yr extra saving per 1 kWh/yr higher pre-program use; pilot realization rate 66%,Giandomenico working paper Tables 3 and 6 plus review text (fetched)
B018,10.1016/0378-7788(85)90022-2,Goldman_1985,retrofit,multi_region,validation,energy,retrofit_program,,24,percent,measured,1,"BECA-B compilation median space-heat savings as % of pre-retrofit space heating: 24% utility-sponsored programs, 22% low-income weatherization, 22% research studies, 22% multifamily buildings","ACEEE 1984 BECA-B conference paper PDF (fetched, aceee.org); companion ASHRAE record: savings typically 20-30% of pre-retrofit space heating (OSTI 6971021, fetched)"
B021,10.1016/0378-7788(86)90010-1,Goldman_Ritschard_1986,retrofit,mediterranean,validation,energy,retrofit_program,,8,percent,measured,1,San Francisco Housing Authority public-housing retrofit: program-level weighted gas savings 8% (n=1822 units),Giandomenico working paper Table 3 (fetched)
B022,10.1016/0378-7788(89)90014-5,Hirst_Goeltz_Trumble_1989,retrofit,continental,fine_tuning,energy,retrofit_program,,14,percent,measured,1,electricity -2600 kWh/yr = 14% of pre-HRCP consumption (1982/83 vs 1985/86); electrically-heated single-family homes saved 4000-4500 kWh/yr; savings less than half of audit predictions; ~1/5 of savings lost to takeback,ScienceDirect abstract (fetched via search) + OSTI report doi:10.2172/6880640 (fetched)
B025,10.1016/0378-7788(90)90021-a,Jauregui 1991,greening,tropical_semiarid,fine_tuning,thermal,park,,3,degC,measured,1,"up to (reported range 2-3 degC); nocturnal traverses, clear calm nights, park vs boundaries",primary abstract
B026,10.1016/0378-7788(91)90012-r,Cohen_Goldman_Harris_1991,retrofit,multi_region,validation,energy,retrofit_program,,16.5,percent,measured,1,annual consumption savings 12-21% (midpoint 16.5 reported) from loft and wall insulation; simple before/after billing comparison without control group,Adan & Fuerst 2016 Springer full text quoting Cohen et al. 1991 (fetched)
B028,10.1016/j.apr.2021.01.017,Jia et al. 2021,greening,subtropical,fine_tuning,air_quality,barrier,pollutant_other,6,percent,measured,1,PM reduction near residential buildings behind roadside GI (BC 8%); pathway concentrations increased 20-28%,primary abstract
B029,10.1016/j.apr.2022.101514,Hajmohammadi_2022,low_emission_zone,oceanic,fine_tuning,air_quality,lez_zone,no2,11,percent,measured,1,"inside ULEZ, 11 months post vs 12 months pre; state-space model of 28 monitoring stations",Delgado-Lindeman 2025 ETRR review Table 7 (10.1186/s12544-025-00749-2)
B031,10.1016/j.atmosenv.2008.09.015,Johansson_2009,low_emission_zone,continental,validation,air_quality,lez_zone,pm10,7,percent,modeled,1,"up to; annual mean along most densely trafficked streets, permanent congestion-tax scenario; zone PM10 emissions -13%","primary abstract (Atmos Environ 43:4843), fetched via ADS/ScienceDirect"
B032,10.1016/j.atmosenv.2011.04.008,Invernizzi_2011,low_emission_zone,mediterranean,validation,air_quality,lez_zone,bc,47,percent,measured,1,"BC/PM10 ratio, Ecopass zone vs no-restriction zone, 3-day fixed-station campaign; PM10/PM2.5/PM1 mass differences not significant",primary abstract fetched via colab.ws DOI record
B034,10.1016/j.atmosenv.2013.12.035,Panteliadis_2014,low_emission_zone,oceanic,validation,air_quality,lez_zone,pm10,5.8,percent,measured,1,"traffic contribution at roadside site, Amsterdam LEZ (95% CI 3.3-8.4)",primary abstract fetched via colab.ws DOI record; also ETRR review Annex 4
B035,10.1016/j.atmosenv.2015.09.064,Ferreira_2015,low_emission_zone,mediterranean,validation,air_quality,lez_zone,pm10,23,percent,measured,1,"annual average 2013 vs 2011 (before/after LEZ phase 2), Lisbon; reductions larger inside LEZ",primary abstract fetched via colab.ws DOI record; also ETRR review Annex 4
B036,10.1016/j.atmosenv.2018.12.036,Abhijith & Kumar 2019,greening,oceanic,fine_tuning,air_quality,park,pm25,17,percent,measured,1,"up to; behind GI, cross-road winds (max relative change lowest for PM2.5)",primary abstract
B037,10.1016/j.atmosenv.2021.118189,Donateo et al. 2021,greening,mediterranean,fine_tuning,air_quality,street_trees,pm25,20,percent,measured,1,"up to (15-20%); CityTree moss filter, active mode, close proximity",primary abstract
B038,10.1016/j.atmosenv.2024.120326,Morillas_2024,low_emission_zone,mediterranean,validation,air_quality,lez_zone,no2,37,percent,measured,1,"TROPOMI/Sentinel-5P NO2 column over central Madrid, Nov 2018 vs 2021, COVID-19 effects considered",Delgado-Lindeman 2025 ETRR review Table 7 (10.1186/s12544-025-00749-2)
B039,10.1016/j.buildenv.2005.07.030,"Hien, Yok & Yu 2007",greening,tropical_semiarid,validation,thermal,green_roof,,1.46,degC,measured,1,"rooftop garden site vs comparator, Figs 15/20 (m-a)",Knight 2021 Additional file 2 (meta-analysis effect sizes)
B040,10.1016/j.buildenv.2006.06.005,Levinson_2007,cool_roof,continental,fine_tuning,energy,cool_roof_coating,,5,percent,modeled,1,"annual cooling energy saving for typical 139 m2 house, Fresno (6% San Bernardino, 1% San Diego), estimated from scale-model + energy data","LBNL/OSTI abstract of primary study, fetched via web search"
B040,10.1016/j.buildenv.2006.06.005,Levinson_2007,cool_roof,continental,fine_tuning,thermal,cool_roof_coating,,6.2,degC,measured,1,"attic air temperature reduction, same scale-model conditions","LBNL/OSTI abstract of primary study, fetched via web search"
B040,10.1016/j.buildenv.2006.06.005,Levinson_2007,cool_roof,continental,fine_tuning,thermal_surface,cool_roof_coating,,12,degC,measured,1,"roof tile surface temp reduction for 0.3 solar absorptance decrease, 1 kW/m2 summer afternoon insolation, scale-model measurements","LBNL/OSTI abstract of primary study, fetched via web search"
B041,10.1016/j.buildenv.2006.06.017,Takebayashi & Moriyama 2007,greening,subtropical,fine_tuning,thermal_surface,green_roof,,3.04,degC,measured,1,"green roof vs concrete roof, surface heat budget study (m-a)",Knight 2021 Additional file 2 (meta-analysis effect sizes)
B042,10.1016/j.buildenv.2009.12.003,Georgi & Dimitriou 2010,greening,mediterranean,fine_tuning,thermal,park,,2.56,degC,measured,1,"green vs built-up sites, Thessaloniki (m-a)",Knight 2021 Additional file 2 (meta-analysis effect sizes)
B043,10.1016/j.buildenv.2010.03.001,Fioretti et al. 2010,greening,mediterranean,fine_tuning,thermal_surface,green_roof,,7.26,degC,measured,1,August monthly mean: concrete roof surface vs green roof substrate,Knight 2021 Additional file 5 (outcome data tables)
B044,10.1016/j.buildenv.2010.06.014,Synnefa_2011,cool_roof,mediterranean,validation,thermal,cool_pavement,,5,degC,modeled,1,"average air temp decrease if conventional road asphalt replaced, CFD simulation, low wind speed",primary abstract (ScienceDirect page via web search)
B044,10.1016/j.buildenv.2010.06.014,Synnefa_2011,cool_roof,mediterranean,validation,thermal_surface,cool_pavement,,12,degC,measured,1,"max surface temp difference, off-white thin-layer asphalt vs conventional black asphalt, outdoor summer testing Athens",primary abstract (ScienceDirect page via web search)
B045,10.1016/j.buildenv.2011.04.034,"Oliveira, Andrade & Vaz 2011",greening,mediterranean,fine_tuning,thermal,street_trees,,2.18,degC,measured,1,"garden vs surrounding streets, summer daytime (m-a)",Knight 2021 Additional file 2 (meta-analysis effect sizes)
B046,10.1016/j.buildenv.2011.06.025,Mahmoud 2011,greening,mediterranean,validation,thermal,park,,4.7,degC,measured,1,"10-day daytime mean, trees/shrubs zone vs tree-lined paved road within park",Knight 2021 Additional file 5 (outcome data tables)
B047,10.1016/j.buildenv.2011.07.027,Chow & Brazel 2012,greening,mediterranean,validation,thermal,park,,2.5,degC,modeled,1,"microscale cooling, high-xeriscaping scenario in xeric residential area (local scale ~1.1); ENVI-met",primary abstract
B049,10.1016/j.buildenv.2011.08.011,Xu_2012,cool_roof,tropical_semiarid,fine_tuning,energy,cool_roof_coating,,20,percent,measured,1,"annual AC energy use reduction, range 14-26% (= 20-22 kWh/m2/yr of coated roof area), monitored commercial building Hyderabad","Rawat & Singh 2022 (10.1016/j.enbenv.2021.03.001) full text, fetched"
B050,10.1016/j.buildenv.2011.11.020,"Cohen, Potchter & Matzarakis 2012",greening,mediterranean,validation,thermal,park,,1.32,degC,measured,1,"summer, wooded park vs reference (winter 1.17) (m-a)",Knight 2021 Additional file 2 (meta-analysis effect sizes)
B051,10.1016/j.buildenv.2012.01.022,Santamouris_2012b,cool_roof,mediterranean,fine_tuning,thermal,cool_pavement,,1.9,degC,modeled,1,"peak ambient temp reduction on typical summer day, CFD-homogenized before/after comparison","primary full-text PDF (edulll repository), fetched via web search"
B051,10.1016/j.buildenv.2012.01.022,Santamouris_2012b,cool_roof,mediterranean,fine_tuning,thermal_surface,cool_pavement,,7.6,degC,measured,1,"max cool vs conventional pavement surface difference, 4 Aug campaign (5.4 K on 27 Jul); park surface reduced up to 12 K before/after, 4500 m2 Flisvos park","primary full-text PDF (edulll repository), fetched via web search"
B052,10.1016/j.buildenv.2012.11.004,Carnielo_2013,cool_roof,mediterranean,fine_tuning,energy,cool_pavement,,19,percent,modeled,1,"peak cooling demand reduction of typical Italian dwellings, TRNSYS, highest solar reflectance configuration",primary abstract (ScienceDirect page via web search)
B052,10.1016/j.buildenv.2012.11.004,Carnielo_2013,cool_roof,mediterranean,fine_tuning,thermal_surface,cool_pavement,,19.3,degC,measured,1,"max off-white cool coating vs conventional asphalt (grey 10.0 degC; off-white mean 8.2 degC), outdoor monitoring Rome","Carnielo & Zinzi data table in Wan et al. asphalt cooling review (J Traffic Transp Eng 2021), fetched"
B053,10.1016/j.buildenv.2014.03.003,Zhang et al. 2014,greening,continental,fine_tuning,energy,park,,60,percent,modeled,1,"citywide reduction in net cooling energy use attributable to green spaces, summer (empirical model)",primary abstract
B054,10.1016/j.buildenv.2015.06.002,Heusinger & Weber 2015,greening,oceanic,fine_tuning,thermal_surface,green_roof,,0.1,degC,measured,1,"extensive green roof vs bitumen roof, surface temperature (m-a)",Knight 2021 Additional file 2 (meta-analysis effect sizes)
B055,10.1016/j.buildenv.2016.10.021,Solcerova et al. 2017,greening,oceanic,fine_tuning,thermal,green_roof,,0.48,degC,measured,1,"daytime air above blue-green roof, cloudy days (clear 0.37); surface was warmer",Knight 2021 Additional file 2 (meta-analysis effect sizes)
B056,10.1016/j.buildenv.2017.02.020,Yin et al. 2017,greening,subtropical,fine_tuning,thermal_surface,facade,,2.6,degC,measured,1,green facade vs bare wall (m-a),Knight 2021 Additional file 2 (meta-analysis effect sizes)
B057,10.1016/j.buildenv.2018.05.033,Wang_2018,cool_roof,subtropical,validation,thermal,cool_pavement,,1,degC,measured,1,max air temp reduction above permeable pavement after sprinkling vs non-sprinkling,"primary abstract (Semantic Scholar), fetched"
B057,10.1016/j.buildenv.2018.05.033,Wang_2018,cool_roof,subtropical,validation,thermal_surface,cool_pavement,,10,degC,measured,1,"max surface temp reduction of permeable brick and porous concrete after water sprinkling, 4-day field campaign Guangzhou","primary abstract (Semantic Scholar), fetched"
B058,10.1016/j.buildenv.2026.114550,Montero-Gutierrez_2026,combined,mediterranean,fine_tuning,thermal,mixed_measures,,15,degC,measured,1,occupied zone during extreme heat events (~40C ambient mitigated to ~29C); air-temperature reduction exceeding 15C; MRT reduced up to 8C,ScienceDirect abstract/highlights via OpenAlex
B059,10.1016/j.conbuildmat.2015.04.043,Zheng_2015,cool_roof,continental,fine_tuning,thermal_surface,cool_pavement,,10,degC,measured,1,"outdoor field cooling of best heat-reflective coating (scheme 5); lab specimens up to 30 degC, summer Xi'an","primary abstract (KB Artikelvinder), fetched via web search"
B060,10.1016/j.cscm.2016.01.001,Higashiyama_2016,cool_roof,subtropical,fine_tuning,thermal_surface,cool_pavement,,10,degC,measured,1,"water-retaining pavements >=10 degC cooler than porous asphalt exceeding 60 degC; best mixture ~20 degC, summer field sites Hyogo","primary abstract (Semantic Scholar), fetched"
B063,10.1016/j.enbuild.2004.11.013,Akbari_2005,cool_roof,mediterranean,fine_tuning,energy,cool_roof_coating,,38,percent,measured,1,"AC energy savings, monitored California commercial buildings, review table range 22-54% (midpoint reported; body cites 31-52% by conditioned area)","Rawat & Singh 2022 full text Table 1, fetched"
B065,10.1016/j.enbuild.2006.01.007,Hong_Oreszczyn_Ridley_2006,retrofit,oceanic,validation,energy,retrofit_program,,13.5,percent,measured,2,"space-heating fuel consumption -10% in centrally heated dwellings after cavity wall + loft insulation (Warm Front monitored field study, 1372 dwellings)",Adan & Fuerst 2016 Springer full text quoting Hong et al. 2006 (fetched)
B067,10.1016/j.enbuild.2011.07.011,Kolokotroni_2013,cool_roof,oceanic,fine_tuning,energy,cool_roof_coating,,8.5,percent,modeled,1,"max total energy saving (range 1-8.5%), validated TRNSYS model, optimum reflectivity 0.6-0.7","Rawat & Singh 2022 full text, fetched"
B067,10.1016/j.enbuild.2011.07.011,Kolokotroni_2013,cool_roof,oceanic,fine_tuning,thermal,cool_roof_coating,,1.7,degC,measured,1,"open office avg cooler during clear-sky high-solar periods after cool coating (albedo 0.1 to 0.6), London office","Aggarwal & Molleti 2024 full text, fetched"
B068,10.1016/j.enbuild.2011.07.017,Bozonnet_2011,cool_roof,oceanic,fine_tuning,thermal_surface,cool_roof_coating,,10,degC,measured,1,"roof surface temp reduction with cool selective coating, monitored French residential case study","Rawat & Singh 2022 full text Table 2, fetched"
B069,10.1016/j.enbuild.2011.07.023,Romeo_2013,cool_roof,mediterranean,validation,energy,cool_roof_coating,,54,percent,measured,1,"cooling energy demand reduction, two-phase pre/post monitoring + numerical analysis","Rawat & Singh 2022 full text, fetched"
B069,10.1016/j.enbuild.2011.07.023,Romeo_2013,cool_roof,mediterranean,validation,thermal,cool_roof_coating,,2.3,degC,measured,1,indoor operative temp reduction (review Table 1),"Rawat & Singh 2022 full text Table 1, fetched"
B069,10.1016/j.enbuild.2011.07.023,Romeo_2013,cool_roof,mediterranean,validation,thermal_surface,cool_roof_coating,,20,degC,measured,1,"roof surface temp reduction up to 20 degC over 24-h cycle, 700 m2 school roof Trapani, solar reflectance 0.859","Rawat & Singh 2022 full text, fetched"
B070,10.1016/j.enbuild.2011.09.011,Kolokotsa_2012,cool_roof,mediterranean,validation,energy,cool_roof_coating,,19.8,percent,modeled,1,"annual energy saving (peak summer 27%), TRNSYS model validated against pre/post monitoring, lab building Crete, roof albedo 0.89","Rawat & Singh 2022 full text, fetched"
B071,10.1016/j.enbuild.2011.09.018,Getter et al. 2011,greening,continental,validation,thermal,green_roof,,1.5,degC,measured,1,September monthly mean maximum air temp 1 m above green roof vs gravel roof,Knight 2021 Additional file 5 (outcome data tables)
B072,10.1016/j.enbuild.2012.01.044,Synnefa_2012,cool_roof,mediterranean,validation,energy,cool_roof_coating,,40,percent,modeled,1,annual cooling load reduction,"Rawat & Singh 2022 full text, fetched"
B072,10.1016/j.enbuild.2012.01.044,Synnefa_2012,cool_roof,mediterranean,validation,thermal,cool_roof_coating,,2.8,degC,modeled,1,"indoor air temp reduction, school building Athens, TRNSYS with roof reflectance 0.89 (validated against measurements)","Rawat & Singh 2022 full text, fetched"
B073,10.1016/j.enbuild.2013.10.031,Pisello_2014,cool_roof,mediterranean,validation,energy,cool_roof_coating,,24.3,percent,measured,1,"energy saving per review Table 1, residential cool clay tile roof","Rawat & Singh 2022 full text Table 1, fetched"
B073,10.1016/j.enbuild.2013.10.031,Pisello_2014,cool_roof,mediterranean,validation,thermal,cool_roof_coating,,4.7,degC,measured,1,"max summer peak attic overheating reduction, 2-year continuous monitoring, cool clay tile roof Perugia (winter overcooling penalty 1.2 degC)","Rawat & Singh 2022 full text, fetched"
B074,10.1016/j.enbuild.2015.04.055,"Karachaliou, Santamouris & Pangalou 2016",greening,mediterranean,validation,thermal_surface,green_roof,,14,degC,measured,1,dense-foliage green roof vs reference roof (less dense 8.2) (m-a),Knight 2021 Additional file 2 (meta-analysis effect sizes)
B075,10.1016/j.enbuild.2015.06.043,Garg_2016,cool_roof,tropical_semiarid,fine_tuning,thermal,cool_roof_coating,,2,degC,measured,1,"avg indoor temp reduction up to 2.0 degC Hyderabad school (1.5 degC Nagpur; max 4.3/3.3 degC), unconditioned schools Mar-May 2014","Rawat & Singh 2022 full text, fetched"
B075,10.1016/j.enbuild.2015.06.043,Garg_2016,cool_roof,tropical_semiarid,fine_tuning,thermal_surface,cool_roof_coating,,5.5,degC,measured,1,roof under-deck surface reduction Hyderabad (4.0 degC Nagpur; over-deck 14.3/9.5 degC),"Rawat & Singh 2022 full text, fetched"
B076,10.1016/j.enbuild.2015.06.047,Hoelscher et al. 2016,greening,oceanic,fine_tuning,thermal_surface,facade,,3.16,degC,measured,1,"facade greening vs bare wall, Fig 5a (m-a)",Knight 2021 Additional file 2 (meta-analysis effect sizes)
B079,10.1016/j.enbuild.2016.09.056,El Bachawati et al. 2016,greening,mediterranean,validation,thermal_surface,green_roof,,9.74,degC,measured,1,"max recorded surface temp: traditional gravel roof 33.98 vs extensive green roof substrate 24.24, Lebanon",Cascone 2019 review summary (via web search)
B080,10.1016/j.enbuild.2016.10.056,Foustalieraki et al. 2017,greening,mediterranean,fine_tuning,thermal_surface,green_roof,,10.11,degC,measured,1,dense-foliage green roof vs reference roof (m-a),Knight 2021 Additional file 2 (meta-analysis effect sizes)
B081,10.1016/j.enbuild.2017.03.036,Perini et al. 2017,greening,mediterranean,fine_tuning,thermal,facade,,5.2,degC,measured,1,July mean: air behind green facade vs outside,Knight 2021 Additional file 5 (outcome data tables)
B082,10.1016/j.enbuild.2017.05.052,Xu et al. 2017,greening,continental,fine_tuning,thermal,park,,12,degC,measured,1,"up to, at 12:00 summer; tree clusters vs open hard ground (site values 10.8-12.0)",Knight 2021 Additional file 5 (outcome data tables)
B083,10.1016/j.enbuild.2018.07.005,Kolokotroni_2018,cool_roof,tropical_semiarid,fine_tuning,thermal,cool_roof_coating,,2.3,degC,measured,1,"avg internal air temp reduction, same monitored house","primary abstract (Semantic Scholar), fetched"
B083,10.1016/j.enbuild.2018.07.005,Kolokotroni_2018,cool_roof,tropical_semiarid,fine_tuning,thermal_surface,cool_roof_coating,,6.8,degC,measured,1,"avg internal ceiling surface temp reduction after cool roof paint, monitored single-storey Jamaica house","primary abstract (Semantic Scholar), fetched"
B088,10.1016/j.enbuild.2021.111299,Takebayashi_2021,combined,subtropical,validation,thermal_surface,watered_pavement,,10,degC,measured,1,"roadway watering midday, effect lasted >=30 min; water surface feature ~15C and watered pavement ~10C; MRT -1.9C and SET* -0.8C for road watering",Elsevier abstract fetched via web search / ScienceDirect page
B089,10.1016/j.energy.2006.11.011,Santamouris et al. 2007,greening,mediterranean,fine_tuning,energy,green_roof,,49,percent,modeled,1,up to (range 6-49%) whole-building summer cooling load; top floor 12-87%,primary abstract
B090,10.1016/j.energy.2015.01.092,Zingre_2015b,cool_roof,tropical_semiarid,validation,energy,cool_roof_coating,,51,percent,measured,1,daily heat gain reduction (0.21 kWh/m2) from white coating on double-skin roof,"Rawat & Singh 2022 full text, fetched"
B090,10.1016/j.energy.2015.01.092,Zingre_2015b,cool_roof,tropical_semiarid,validation,thermal,cool_roof_coating,,2.4,degC,measured,1,peak indoor temp decrease,"Rawat & Singh 2022 full text, fetched"
B090,10.1016/j.energy.2015.01.092,Zingre_2015b,cool_roof,tropical_semiarid,validation,thermal_surface,cool_roof_coating,,15,degC,measured,1,"roof temp difference coated vs uncoated double-skin roof, paired naturally ventilated apartments Singapore","Rawat & Singh 2022 full text, fetched"
B092,10.1016/j.enpol.2013.04.004,Hamilton_2013,retrofit,oceanic,validation,energy,retrofit_program,,9.2,percent,measured,1,"gas demand change 2005-2007 net of control-group trend: cavity wall insulation -9.2 points, condensing boiler -8.0, loft insulation -1.3, double glazing -1.6 (HEED linked meter data, retrospective case-control)",ScienceDirect full text (fetched)
B093,10.1016/j.enpol.2013.05.037,Wyatt_2013,retrofit,oceanic,fine_tuning,energy,retrofit_program,,16.5,percent,measured,1,median realized gas savings 13.5-19.5% (midpoint 16.5 reported) for cavity wall insulation and new condensing boiler; loft insulation 8.4-12.2%; year after installation (HEED annualized meter data),Adan & Fuerst 2016 Springer full text quoting Wyatt 2013 (fetched)
B095,10.1016/j.enpol.2018.03.051,Tonn_Rose_Hawkins_2018,retrofit,multi_region,fine_tuning,energy,retrofit_program,,12.45,percent,measured,2,single-family gas-heated homes: natural gas -17.8% (net 181 therms/yr) post-weatherization; PY2008 national WAP evaluation underlying this paper,"ORNL companion evaluation reports TM-2014/338 and TM-2015/13 (fetched PDFs, weatherization.ornl.gov)"
B097,10.1016/j.envpol.2011.03.007,"Susca, Gaffin & Dell'Osso 2011",greening,subtropical,fine_tuning,thermal,green_roof,,2,degC,measured,1,average difference between most and least vegetated NYC monitoring areas,primary abstract
B098,10.1016/j.envpol.2011.03.009,Yin et al. 2011,greening,subtropical,validation,air_quality,park,pollutant_other,9.1,percent,measured,1,"TSP removal by park vegetation, summer, Pudong (SO2 5.3%, NO2 2.6%)",primary abstract
B099,10.1016/j.envpol.2012.11.010,Setala et al. 2013,greening,continental,fine_tuning,air_quality,park,pollutant_other,7,percent,measured,1,"NO2 reduction under tree canopies vs adjacent open areas, August in-leaf (p=0.085); TVOC 19.1%",Knight 2021 Additional file 5 (outcome data tables)
B101,10.1016/j.envpol.2014.02.026,Grundstrom & Pleijel 2014,greening,continental,validation,air_quality,park,o3,2,percent,measured,1,O3 mean in:out canopy ratio 0.98 (not significant),Knight 2021 Additional file 5 (outcome data tables)
B102,10.1016/j.envpol.2014.08.015,"Cohen, Potchter & Schnell 2014",greening,mediterranean,validation,air_quality,street_trees,pollutant_other,48.5,percent,measured,1,"NOx park vs surrounding streets, summer (winter 78%); O3 similar or slightly higher inside park",Knight 2021 Additional file 5 (outcome data tables)
B105,10.1016/j.envpol.2019.01.016,Gomez-Moreno et al. 2019,greening,mediterranean,fine_tuning,air_quality,park,pm25,50,percent,measured,1,"up to, 200 m into park vs traffic site, summer transects, Madrid",primary abstract
B106,10.1016/j.envpol.2019.01.040,Font_2019,low_emission_zone,oceanic,validation,air_quality,lez_zone,pm25,11,percent,measured,1,Paris only; London roadside PM2.5 not significant,Delgado-Lindeman 2025 ETRR review Annex 4
B107,10.1016/j.envpol.2020.114884,Abhijith & Kumar 2020,greening,oceanic,fine_tuning,air_quality,barrier,pollutant_other,9,percent,measured,1,up to (2-9%) PM reduction behind roadside hedge; PM1>PM10>PM2.5,primary abstract
B108,10.1016/j.habitatint.2004.04.008,Wong & Yu 2005,greening,tropical_semiarid,fine_tuning,thermal,park,,3.1,degC,measured,1,"1-day mean: large green area vs CBD, p<0.0001",Knight 2021 Additional file 5 (outcome data tables)
B109,10.1016/j.habitatint.2017.07.009,Qiu et al. 2017,greening,subtropical,fine_tuning,thermal,park,,1.4,degC,measured,1,green space vs built reference (m-a),Knight 2021 Additional file 2 (meta-analysis effect sizes)
B110,10.1016/j.jclepro.2020.123306,Srbinovska et al. 2021,greening,mediterranean,validation,air_quality,facade,pm25,25,percent,measured,1,"average vs neighbouring non-green area; green wall, Skopje",primary abstract
B112,10.1016/j.jeem.2017.09.001,Liang_2018,retrofit,mediterranean,fine_tuning,energy,retrofit_program,,8,percent,measured,1,residential buildings: monthly energy -8% (commercial -12%); realized savings 30-50% lower than engineering predictions; fixed-effects panel on 2008-2013 billing data (Energize Phoenix),Semantic Scholar abstract (fetched)
B114,10.1016/j.jenvman.2021.114048,Gu_2022,low_emission_zone,oceanic,fine_tuning,air_quality,lez_zone,pm10,24,percent,measured,1,up to; range 2-17% Berlin and 4-24% Munich depending on site category and LEZ stage (GAM); NO2 not significant or <3%,Delgado-Lindeman 2025 ETRR review Table 7 (10.1186/s12544-025-00749-2)
B115,10.1016/j.jhazmat.2018.11.061,Santos_2019,low_emission_zone,mediterranean,fine_tuning,air_quality,lez_zone,pm10,29,percent,measured,1,"Zone 1 annual average, 2009-2016 (Zone 2: -23%), Lisbon; ANOVA on station data",primary abstract fetched via PubMed
B117,10.1016/j.landurbplan.2006.09.005,"Chang, Li & Chang 2007",greening,subtropical,validation,thermal,park,,0.83,degC,measured,1,"mean park cool island, 61 Taipei parks (m-a)",Knight 2021 Additional file 2 (meta-analysis effect sizes)
B118,10.1016/j.landurbplan.2009.04.005,ShashuaBar_2009,combined,mediterranean,validation,thermal,mixed_measures,,2.5,degC,measured,1,"max daytime air temperature depression, shade trees + grass courtyard vs bare exposed courtyard (34C mid-afternoon), summer, Negev; mesh-only treatment WARMED ~1K; shading grass cut water use >50%",paper abstract (fetched via Academia.edu/KipHub)
B119,10.1016/j.landurbplan.2010.03.008,Cao et al. 2010,greening,subtropical,validation,thermal_surface,park,,1.16,degC,measured,1,"average park cooling-effect intensity, summer (spring 1.30, autumn 0.43); ASTER LST, Nagoya",Aram 2019 Heliyon review text
B120,10.1016/j.landurbplan.2013.11.002,Skoulika et al. 2014,greening,mediterranean,validation,thermal,park,,1.32,degC,measured,1,"park vs urban reference, Athens (m-a)",Knight 2021 Additional file 2 (meta-analysis effect sizes)
B121,10.1016/j.landurbplan.2013.12.008,"Feyisa, Dons & Meilby 2014",greening,tropical_semiarid,validation,thermal_surface,park,,6.72,degC,measured,1,"maximum park cooling intensity across 21 parks, Landsat ETM+ LST, Addis Ababa",primary abstract
B122,10.1016/j.landurbplan.2015.06.005,Gillner et al. 2015,greening,oceanic,validation,thermal,street_trees,,2.22,degC,measured,1,"up to (species means 0.77-2.22 K), daytime below crown vs open; asphalt surface cooling 5.5-15.2 K",Knight 2021 Additional file 5 (outcome data tables)
B123,10.1016/j.landurbplan.2018.10.022,Park_2019,combined,subtropical,validation,thermal,mixed_measures,,0.46,degC,measured,1,"mean river cooling intensity at 2pm over 32.7 m (0.37C over 37.2 m at 10pm), restored Cheonggye River transects, summer",paper abstract (Semantic Scholar)
B125,10.1016/j.proenv.2017.03.103,Androutsopoulos_2017,cool_roof,mediterranean,validation,energy,cool_roof_coating,,30,percent,modeled,1,"annual cooling demand reduction up to 30% (winter heating penalty 12%), validated dynamic simulation","primary abstract (Semantic Scholar), fetched"
B125,10.1016/j.proenv.2017.03.103,Androutsopoulos_2017,cool_roof,mediterranean,validation,thermal,cool_roof_coating,,1.75,degC,measured,1,"daily mean indoor air reduction, measured range 1.6-1.9 degC (simulated 1.3-2.3 degC), pilot school vs twin reference building Athens","primary abstract (Semantic Scholar), fetched"
B126,10.1016/j.renene.2007.03.022,Spala et al. 2008,greening,mediterranean,validation,energy,green_roof,,40,percent,modeled,1,approx. 40% summer cooling load reduction for office building with green roof (dynamic simulation),primary abstract
B127,10.1016/j.renene.2009.07.022,Ahmad_2010,cool_roof,tropical_semiarid,validation,thermal_surface,cool_roof_coating,,4.5,degC,measured,1,surface temp reduction of anti-solar coating (review Table 2),"Rawat & Singh 2022 full text Table 2, fetched"
B128,10.1016/j.renene.2009.12.021,Tsiros 2010,greening,mediterranean,fine_tuning,energy,street_trees,,8.6,percent,modeled,1,"up to (2.6-8.6%) daytime AC consumption reduction, simplified estimate",primary abstract
B128,10.1016/j.renene.2009.12.021,Tsiros 2010,greening,mediterranean,fine_tuning,thermal,street_trees,,2.2,degC,measured,1,"max cooling at 17:00 during heatwave (mean ranges 0.5-1.6 at 14:00, 0.4-2.2 at 17:00)",primary abstract
B129,10.1016/j.renene.2014.09.045,Zingre_2015a,cool_roof,tropical_semiarid,fine_tuning,energy,cool_roof_coating,,54,percent,measured,1,daily heat gain reduction (0.66 kWh/m2),"Rawat & Singh 2022 full text, fetched"
B129,10.1016/j.renene.2014.09.045,Zingre_2015a,cool_roof,tropical_semiarid,fine_tuning,thermal,cool_roof_coating,,2.4,degC,measured,1,indoor air temp reduction,"Rawat & Singh 2022 full text, fetched"
B129,10.1016/j.renene.2014.09.045,Zingre_2015a,cool_roof,tropical_semiarid,fine_tuning,thermal_surface,cool_roof_coating,,5.4,degC,measured,1,"roof surface temp reduction (review Table 1 avg; review body cites peak 14.1 degC), cool coating reflectance 0.74 on concrete roof, validated on real Singapore apartments","Rawat & Singh 2022 full text, fetched"
B130,10.1016/j.renene.2020.01.085,"Bevilacqua, Bruno & Arcuri 2020",greening,mediterranean,validation,energy,green_roof,,34.9,percent,modeled,1,"annual cooling energy saving, non-insulated green roof, continuous AC operation (validated TRNSYS)",primary abstract
B132,10.1016/j.scitotenv.2012.06.089,Boogaard_2012,low_emission_zone,oceanic,fine_tuning,air_quality,lez_zone,pm25,30,percent,measured,1,"urban streets (urban background 27%) vs 20% at suburban control sites, 2 years post; LEZ alone gave no significant change in traffic-related pollutants",primary abstract fetched via PubMed
B133,10.1016/j.scitotenv.2012.10.101,Salmond et al. 2013,greening,oceanic,fine_tuning,air_quality,street_trees,pollutant_other,49.3,percent,measured,1,"NO2 leaf-on vs leaf-off season, street canyon site 1 (14.0 vs 7.1 ppb; seasonally confounded)",Knight 2021 Additional file 5 (outcome data tables)
B134,10.1016/j.scitotenv.2014.06.048,"Doick, Peace & Hutchings 2014",greening,oceanic,validation,thermal,park,,1.1,degC,measured,1,"average summer nighttime cooling (max 4.0 degC), Kensington Gardens, London",Aram 2019 Heliyon review text
B135,10.1016/j.scitotenv.2016.02.035,Lin et al. 2016,greening,continental,validation,air_quality,barrier,pollutant_other,63.6,percent,measured,1,"up to (37.7-63.6%) UFP reduction behind roadside vegetation barrier, full foliage (CO 23.6-56.1%)",primary abstract
B136,10.1016/j.scitotenv.2017.11.327,"Yan, Wu & Dong 2018",greening,subtropical,validation,thermal,street_trees,,2.8,degC,measured,1,"23:00 summer mean, park vs surrounding streets (site means 0.6-2.8; max 4.8 at midnight)",Knight 2021 Additional file 5 (outcome data tables)
B137,10.1016/j.scitotenv.2018.12.262,Ozdemir 2019,greening,mediterranean,fine_tuning,air_quality,barrier,pm25,17,percent,measured,1,"thick roadside cypress tree row vs no trees, dense-traffic roadside, Istanbul",primary abstract
B138,10.1016/j.scs.2010.12.001,Fintikakis_2011,combined,mediterranean,validation,thermal,watered_pavement,,2,degC,modeled,1,"projected max ambient reduction 1.2-2.0C from cool pavements (up to 3.4C with all measures combined), peak summer; project under construction at publication",Santamouris RSER cool-pavements review PDF + MDPI Sustainability 14:5159 review (both fetched)
B138,10.1016/j.scs.2010.12.001,Fintikakis_2011,combined,mediterranean,validation,thermal_surface,mixed_measures,,8,degC,modeled,1,"surface temperature reduction up to 6-8C, simulation projection for 25000 m2 bioclimatic rehabilitation",MDPI Sustainability 14:5159 review (fetched)
B139,10.1016/j.scs.2015.03.003,Pisello_2015,cool_roof,mediterranean,fine_tuning,energy,cool_roof_coating,,51,percent,measured,1,"max primary energy saving for cooling, continuously monitored 16th-century residence with cool clay tiles, central Italy (heating penalty <2%)","primary abstract (Univ. Perugia IRIS repository), fetched via web search"
B140,10.1016/j.scs.2017.11.035,Kolokotsa_2018,combined,mediterranean,fine_tuning,energy,watered_pavement,,17,percent,modeled,1,annual cooling energy demand reduction of municipal building with cool roof tiles; EnergyPlus model informed by monitoring,full text via Academia.edu (fetched)
B140,10.1016/j.scs.2017.11.035,Kolokotsa_2018,combined,mediterranean,fine_tuning,thermal_surface,watered_pavement,,10,degC,measured,1,"cool paving stones vs conventional pavement, unshaded spot at 14:00; FLIR thermal imaging, consistent with ENVI-met simulation",full text via Academia.edu (fetched)
B141,10.1016/j.tra.2015.04.029,Malina_Scheffler_2015,low_emission_zone,multi_region,fine_tuning,air_quality,lez_zone,pm10,19,percent,measured,1,"25 German cities, before/after monitoring regression with meteorological controls",Delgado-Lindeman 2025 ETRR review Annex 1 (10.1186/s12544-025-00749-2)
B142,10.1016/j.trd.2013.03.010,Ellison_2013,low_emission_zone,oceanic,validation,air_quality,lez_zone,pm10,3.07,percent,measured,1,"up to; particulate matter concentrations inside LEZ fell 2.46-3.07% vs just over 1% outside, 5 years post; no discernible NOx effect",primary abstract fetched via colab.ws DOI record
B144,10.1016/j.uclim.2013.01.001,Speak et al. 2013,greening,oceanic,validation,thermal,green_roof,,0.88,degC,measured,1,summer mean above intensive green roof vs bare rooftop (annual mean 0.43) (m-a),Knight 2021 Additional file 2 (meta-analysis effect sizes)
B145,10.1016/j.uclim.2015.02.001,Fantozzi et al. 2015,greening,mediterranean,fine_tuning,air_quality,park,o3,14.5,percent,measured,1,"under holm oak stand vs open field at 1 m from road, July (winter 32%); NO2 higher under canopy",Knight 2021 Additional file 5 (outcome data tables)
B146,10.1016/j.uclim.2016.02.003,Hendel_2016,combined,oceanic,validation,thermal,watered_pavement,,0.79,degC,measured,1,"max daytime air temp reduction at 1.5 m during pavement watering (0.57C at 4 m); MRT -1.76C, UTCI -1.03C; night UHI mitigation up to -0.22C",HAL open-access manuscript hal-01113917 (fetched)
B147,10.1016/j.uclim.2017.02.002,Kyriakodis_2018,cool_roof,mediterranean,fine_tuning,thermal,cool_pavement,,1.5,degC,measured,1,"ambient air temp reduction up to 1.5 degC, monitoring supported by CFD evaluation","primary abstract (Semantic Scholar), fetched"
B147,10.1016/j.uclim.2017.02.002,Kyriakodis_2018,cool_roof,mediterranean,fine_tuning,thermal_surface,cool_pavement,,11.5,degC,measured,1,"max surface temp reduction, cool non-aged asphalt, 37000 m2 Athens project, full-summer monitoring (aging can cut potential up to 50%)","primary abstract (Semantic Scholar), fetched"
B148,10.1016/j.ufug.2009.10.002,Hamada & Ohta 2010,greening,subtropical,validation,thermal,park,,1.17,degC,measured,1,mean park vs urban difference (m-a); Aram: up to 1.9 summer,Knight 2021 Additional file 2 (meta-analysis effect sizes)
B149,10.1016/j.ufug.2011.10.001,Jim & Peng 2012,greening,subtropical,validation,thermal_surface,green_roof,,8.1,degC,measured,1,42-day summer mean: surface under green roof vs bare concrete roof,Knight 2021 Additional file 5 (outcome data tables)
B150,10.1016/j.ufug.2013.03.002,"Vailshery, Jaganmohan & Nagendra 2013",greening,tropical_semiarid,validation,air_quality,street_trees,pollutant_other,65,percent,measured,1,"up to; SO2 reduction, treed vs treeless road segments, Bangalore",primary abstract
B150,10.1016/j.ufug.2013.03.002,"Vailshery, Jaganmohan & Nagendra 2013",greening,tropical_semiarid,validation,thermal,street_trees,,3,degC,measured,1,"midday median, street segments with trees vs without (abstract: up to 5.6 afternoon)",Knight 2021 Additional file 5 (outcome data tables)
B152,10.1016/j.ufug.2016.02.008,Vaz Monteiro et al. 2016,greening,oceanic,validation,thermal,park,,1,degC,measured,1,"up to; nocturnal cooling by largest greenspaces (~12 ha) extending 180-330 m, London",Aram 2019 Heliyon review text
B153,10.1016/j.ufug.2016.09.001,"Linden, Fonti & Esper 2016",greening,oceanic,validation,thermal,street_trees,,0.9,degC,measured,1,"daytime median, park vs courtyard (night 1.0; park vs garden 0.6 day), 91 summer days",Knight 2021 Additional file 5 (outcome data tables)
B155,10.1016/s0360-1323(02)00066-5,Wong et al. 2003,greening,tropical_semiarid,fine_tuning,thermal,green_roof,,4.2,degC,measured,1,maximum air temp difference above green roof plants vs hard surface (300 mm height),Knight 2021 Additional file 5 (outcome data tables)
B155,10.1016/s0360-1323(02)00066-5,Wong et al. 2003,greening,tropical_semiarid,fine_tuning,thermal_surface,green_roof,,21,degC,measured,1,maximum surface temp: bare hard surface 57 vs under rooftop plants 36,Knight 2021 Additional file 5 (outcome data tables)
B156,10.1016/s0378-7788(01)00062-7,Niachou et al. 2001,greening,mediterranean,validation,energy,green_roof,,48,percent,modeled,1,up to (range <2-48%) cooling load reduction depending on existing roof insulation,primary abstract
B157,10.1016/S0378-7788(96)01000-6,Parker_1997,cool_roof,subtropical,validation,energy,cool_roof_coating,,19,percent,measured,1,"cooling energy saving at site with typical insulation, 9 monitored Florida residences pre/post reflective coating (8 and 11.6 kWh/day for gravel and tile roofs)","Aggarwal & Molleti 2024 full text, fetched"
B158,10.1016/S0378-7788(96)01001-8,Akbari_1997,cool_roof,mediterranean,fine_tuning,energy,cool_roof_coating,,80,percent,measured,1,"seasonal cooling energy saving of monitored house (2.2 kWh/d, 80% of base case); school bungalows 35% (3.1 kWh/d); peak demand -0.6 kW, Sacramento","primary abstract (LBNL/eScholarship), fetched via web search"
B159,10.1016/s0378-7788(98)00032-2,"Ca, Asaeda & Abu 1998",greening,subtropical,fine_tuning,thermal,park,,1.72,degC,measured,1,"park vs urban surroundings, summer (m-a)",Knight 2021 Additional file 2 (meta-analysis effect sizes)
B161,10.1021/acs.est.5b04886,Cao_2015,cool_roof,subtropical,fine_tuning,thermal,cool_roof_coating,,1.2,degC,modeled,1,"avg urban midday air temp reduction during heat-wave events (0.8 degC typical summer weeks), citywide cool roof albedo simulation Guangzhou","primary abstract (OpenAlex), fetched"
B162,10.1021/es404363m,Maher 2013,greening,oceanic,fine_tuning,air_quality,barrier,pm10,50,percent,measured,1,more than 50% indoor PM10 reduction behind temporary curbside birch tree line,primary abstract
B163,10.1038/s41467-023-36972-5,Schneider_2023,combined,mediterranean,validation,thermal,watered_pavement,,0.3,degC,measured,1,"post-sunset neighborhood average (-0.19+-0.05C overall, statistically insignificant daytime); NOTE midday MRT INCREASED up to 5.1C over reflective pavement",Nature Communications full text (fetched)
B163,10.1038/s41467-023-36972-5,Schneider_2023,combined,mediterranean,validation,thermal_surface,watered_pavement,,8.4,degC,measured,1,"max reflective-pavement-minus-asphalt surface difference, noon vehicle traverse, Westcliff neighborhood",Nature Communications full text (fetched)
B164,10.1038/srep33708,Edmondson et al. 2016,greening,oceanic,fine_tuning,thermal_surface,park,,3.1,degC,measured,1,overall mean soil temperature: non-domestic greenspace under trees/shrubs vs herbaceous (max monthly diff 5.7),Knight 2021 Additional file 5 (outcome data tables)
B165,10.1068/a200517,Brown_White_1988,retrofit,continental,validation,energy,retrofit_program,,6.6,percent,measured,1,electricity -1556 kWh/yr per household = 6.6% of pre-retrofit consumption (RECAP shared-savings program; weather-normalized billing with control groups),journal abstract via OpenAlex and SAGE page (fetched)
B166,10.1080/014311698214884,Spronken-Smith & Oke 1998,greening,mediterranean,fine_tuning,thermal,park,,2.5,degC,measured,1,"daily mean park cool island, grass+tree parks, Vancouver (max 5.1 at night)",Knight 2021 Additional file 5 (outcome data tables)
B168,10.1080/10962247.2013.868380,Cyrys_2014,low_emission_zone,oceanic,fine_tuning,air_quality,lez_zone,bc,52,percent,measured,1,"traffic-related soot along Berlin major roads, 2010 vs 2007",primary abstract fetched via PubMed
B169,10.1080/14733315.2012.11683966,Santamouris_2012a,cool_roof,mediterranean,validation,thermal,cool_pavement,,3.4,degC,modeled,1,"estimated ambient temp reduction up to 3.4 K under peak summer conditions, Marousi rehabilitation design incl. 16000 m2 reflective pavements (evaluation simulations)","primary abstract (OpenAlex), fetched"
B170,10.1080/17512549.2013.865560,Pisello_2013,cool_roof,mediterranean,fine_tuning,energy,cool_roof_coating,,34,percent,measured,1,cooling energy requirement reduction ~34% (review table cites 34-47%),"primary abstract (OpenAlex), fetched; Rawat & Singh 2022 Table 1"
B170,10.1080/17512549.2013.865560,Pisello_2013,cool_roof,mediterranean,fine_tuning,thermal_surface,cool_roof_coating,,20,degC,measured,1,"roof overheating reduction up to 20 degC, continuously monitored industrial/office building Rome, summer 2012","primary abstract (OpenAlex), fetched; consistent with Rawat & Singh 2022"
B171,10.1080/17512549.2014.890540,Arumugam_2014,cool_roof,tropical_semiarid,validation,thermal,cool_roof_coating,,1.07,degC,measured,1,"seasonal avg indoor air reduction (peak 1.38 degC in April; heat flux -14.4 W/m2; +8% comfort hours), 6-month monitored unconditioned building, coated vs uncoated roof sections","primary abstract (OpenAlex), fetched"
B172,10.1088/1748-9326/7/1/014029,Gaffin_2012,cool_roof,subtropical,validation,thermal_surface,cool_roof_coating,,23.6,degC,measured,1,"avg daytime peak black vs white membrane temp difference, summer 2011, MoMA Queens NYC site (avg diurnal difference 6.6 degC)","primary full text (IOPscience), fetched"
B173,10.1088/1748-9326/8/1/015023,Li_2013,cool_roof,mediterranean,validation,thermal_surface,cool_pavement,,25,degC,measured,1,"peak evaporative cooling of watered permeable pavement surface, range 15-35 degC (midpoint reported), early-afternoon summer, instrumented test sections Davis CA","primary abstract (Semantic Scholar), fetched"
B174,10.1088/1748-9326/ab87d4,Middel_2020,cool_roof,mediterranean,fine_tuning,thermal,cool_pavement,,0.5,degC,measured,1,afternoon air temp reduction; negligible after-sunset cooling,"primary abstract (Semantic Scholar/Crossref), fetched"
B174,10.1088/1748-9326/ab87d4,Middel_2020,cool_roof,mediterranean,fine_tuning,thermal_surface,cool_pavement,,5,degC,measured,1,"coated vs regular asphalt 4-6 degC lower (midpoint reported), MaRTy transects LA; note mean radiant temp +4 degC midday over coating","primary abstract (Semantic Scholar/Crossref), fetched"
B175,10.1088/1748-9326/ac30c1,Ma_2021,low_emission_zone,oceanic,fine_tuning,air_quality,lez_zone,no2,3,percent,measured,1,up to; London average post-ULEZ (RDiT); station-level range -9% to +6%; PM2.5 negligible,Delgado-Lindeman 2025 ETRR review Table 7 (10.1186/s12544-025-00749-2)
B176,10.1088/1748-9326/ac58a8,Ko_2022,cool_roof,mediterranean,fine_tuning,thermal,cool_pavement,,0.2,degC,measured,1,max neighborhood-averaged air temp reduction (first field-measured air reduction for cool pavement),"primary abstract (Semantic Scholar/Crossref), fetched"
B176,10.1088/1748-9326/ac58a8,Ko_2022,cool_roof,mediterranean,fine_tuning,thermal_surface,cool_pavement,,5,degC,measured,1,"max neighborhood-averaged surface temp reduction for albedo +0.18 (0.08 to 0.26), 0.64 km2 Covina LA deployment","primary abstract (Semantic Scholar/Crossref), fetched"
B177,10.1088/2515-7620/ad2a8e,Taha_2024,cool_roof,mediterranean,fine_tuning,thermal,cool_pavement,,1.9,degC,measured,1,"max street-segment-averaged air temp reduction, heatwave afternoons real-time comparison (afternoon means -0.2 degC RT / -1.2 degC difference-of-differences), Pacoima LA","primary abstract (Semantic Scholar/Crossref), fetched"
B177,10.1088/2515-7620/ad2a8e,Taha_2024,cool_roof,mediterranean,fine_tuning,thermal_surface,cool_pavement,,9.2,degC,measured,1,max surface temp reduction real-time (-12.2 degC difference-of-differences; afternoon means -2.6 RT / -4.9 DofD),"primary abstract (Semantic Scholar/Crossref), fetched"
B180,10.1155/2015/747259,Jänicke et al. 2014,greening,oceanic,validation,thermal,facade,,2,degC,measured,1,mean radiant temperature (Tmrt) reduction in front of greened vs bare facade; air temp effect small,Knight 2021 Additional file 5 (outcome data tables)
B182,10.1177/0143624410394518,Gaitani_2011,combined,mediterranean,fine_tuning,thermal,watered_pavement,,2,degC,modeled,1,simulation-evaluated decrease in local summer air temperature up to 2C from combined measures (cool pavements alone 1.6K peak ambient),Sage abstract via OpenAlex + Santamouris RSER cool-pavements review PDF (fetched)
B182,10.1177/0143624410394518,Gaitani_2011,combined,mediterranean,fine_tuning,thermal_surface,watered_pavement,,4.5,degC,modeled,1,"simulated average pavement surface temperature reduction up to 4.5K over summer period, 4160 m2 square",Santamouris RSER cool-pavements review PDF (fetched)
B183,10.1371/journal.pone.0102999,Morfeld_2014,low_emission_zone,multi_region,fine_tuning,air_quality,lez_zone,no2,4,percent,measured,1,"at most (about -2 ug/m3); inside vs outside zones, 17 German cities, fixed-effects regression on matched quadruplets",primary abstract fetched via PubMed
B184,10.1515/noise-2020-0015,Silvaggio_2020,low_emission_zone,mediterranean,validation,air_quality,lez_zone,no2,3,percent,measured,1,small reduction inside Monza noise-LEZ (small +5% increase outside); PM10 not significant; passive samplers with GAM; primary abstract calls air-quality effect negligible without figures,Delgado-Lindeman 2025 ETRR review Annex 4; primary abstract via Crossref
B185,10.2134/jeq2015.01.0049,Sugawara et al. 2016,greening,subtropical,validation,thermal,park,,2.06,degC,measured,1,"sunny days (cloudy 0.06), large green space vs urban surroundings (m-a)",Knight 2021 Additional file 2 (meta-analysis effect sizes)
B186,10.2166/wst.2008.187,Yamagata_2008,combined,subtropical,validation,thermal_surface,watered_pavement,,8,degC,measured,1,"road surface daytime reduction with reclaimed-wastewater sprinkling on water-retentive pavement (3C at night), Shiodome Tokyo",IWA abstract via OpenAlex
B187,10.2208/prohe.38.381,Kinouchi_Kanda_1997,combined,subtropical,fine_tuning,thermal,watered_pavement,,1.5,degC,measured,1,max air temperature difference between watered and non-watered paved road points in summer (humidity +8%),J-Stage abstract via OpenAlex
B188,10.3354/cr006045,Grimmond_1996,combined,mediterranean,validation,thermal,mixed_measures,,-1,degC,measured,1,NO cooling benefit: air temperature at high-tree-cover (30%) neighborhood equal to or up to 1C WARMER than low-tree (10%) area; study reports energy-balance fluxes,LA Times 22-Sep-1995 report on the SCE-funded study (fetched); paper itself reports fluxes
B190,10.3386/w21331,Fowlie_Greenstone_Wolfram_2018,retrofit,multi_region,fine_tuning,energy,retrofit_program,,15,percent,measured,1,monthly energy consumption -10 to -20% (midpoint 15 reported); quasi-experimental estimate ~8-10%; experimental savings 17.2 MMBtu/yr vs 43.7 MMBtu/yr projected (~25% of projected per WP; QJE abstract: projected >3x actual); Michigan WAP RCT ~30000 households,NBER working paper 21331 PDF and QJE abstract (fetched)
B191,10.3390/app132011451,Lee_2023,combined,subtropical,validation,thermal,watered_pavement,,2.7,degC,measured,1,"average INDOOR air reduction under cool roofs (max 3.4C, data loggers); ambient outdoor differences non-significant",MDPI full text (fetched)
B191,10.3390/app132011451,Lee_2023,combined,subtropical,validation,thermal_surface,watered_pavement,,15.5,degC,measured,1,"average slab cool-roof surface reduction (panel roofs 11.6C); cool pavements 1.8-5.8C (parking) and 2.5-4.3C (alleys), thermal imaging Aug-Oct 2019",MDPI abstract + full text (fetched)
B193,10.3390/en13051246,Peñalvo López et al. 2020,greening,mediterranean,fine_tuning,energy,green_roof,,30,percent,measured,1,"summer-day cooling demand reduction, monitored building with green roof+facade (winter heating ~15%)",primary abstract
B194,10.3390/en6020598,Peng_Jim_2013,greening,subtropical,fine_tuning,thermal,green_roof,,1.7,degC,modeled,1,"up to; pedestrian-level cooling, intensive green roof scenarios (extensive 0.4-0.7), ENVI-met, Hong Kong",primary abstract
B196,10.3390/ijerph110505094,Fensterer_2014,low_emission_zone,oceanic,fine_tuning,air_quality,lez_zone,pm10,13,percent,measured,1,"busy-road monitoring site, Munich (19.6% summer, 6.8% winter); urban background site -4.5%; semiparametric regression vs reference site",primary abstract fetched via PubMed
B200,10.3390/smartcities3020025,Lebrusan_Toutouh_2020,low_emission_zone,mediterranean,validation,air_quality,lez_zone,pm25,8,percent,measured,1,"up to; range 0-8% across analysed areas, Madrid Central",Delgado-Lindeman 2025 ETRR review Annex 4
B201,10.3390/su14084843,Park_2022,cool_roof,subtropical,fine_tuning,thermal,cool_roof_coating,,0.56,degC,measured,1,"indoor air temp reduction of experimental model, annual average","primary abstract (Semantic Scholar/Crossref), fetched"
B201,10.3390/su14084843,Park_2022,cool_roof,subtropical,fine_tuning,thermal_surface,cool_roof_coating,,5.6,degC,measured,1,"roof surface temp reduction, annual average incl. day/night, regression-controlled four-season field experiment Seoul","primary abstract (Semantic Scholar/Crossref), fetched"
B202,10.3390/su16229919,Kwon_2024,combined,subtropical,validation,thermal,mixed_measures,,3.1,degC,measured,1,"ambient air reduction up to 3.1C from cooling fog systems (small water paths up to 1.5C), IoT monitoring 2021-2023",MDPI abstract (Semantic Scholar)
B202,10.3390/su16229919,Kwon_2024,combined,subtropical,validation,thermal_surface,mixed_measures,,10,degC,measured,1,surface reduction up to 10C from shading structures (cool roofs 2-3C),MDPI abstract (Semantic Scholar)
B203,10.3390/su9081379,Anjos & Lopes 2017,greening,tropical_semiarid,fine_tuning,thermal,park,,1.31,degC,measured,1,cool season park cool island (hot season 0.84) (m-a),Knight 2021 Additional file 2 (meta-analysis effect sizes)
B204,10.3390/w11122635,Cheng_2019,cool_roof,subtropical,validation,thermal_surface,cool_pavement,,17,degC,measured,1,"porous asphalt vs regular pavement on very hot days (permeable brick 14.3 degC; storm-event max 6.6 degC), 200 m sidewalk + 200 m bike lane Taipei","primary abstract (Semantic Scholar/Crossref), fetched"
B205,10.4103/ijoem.ijoem_120_19,Vellingiri_2020,cool_roof,tropical_semiarid,validation,thermal,cool_roof_coating,,1,degC,measured,1,"mean indoor ambient temp, solar-reflective white paint on tin roof vs uncoated tin control households, Ahmedabad slums","primary full text (Europe PMC PMC7227734), fetched"
B206,10.5547/01956574.37.4.jziv,GraffZivin_Novan_2016,retrofit,continental,fine_tuning,energy,retrofit_program,,9.4,percent,measured,1,Energy Savings Assistance Program: program-level weighted electricity savings 9.4% (n=276); behaviorally encouraged participants saved 16.9% more than non-encouraged; upgrade savings substantially below ex-ante engineering predictions,Giandomenico working paper Table 3 + review text (fetched); Energy Journal abstract (fetched)
B207,10.5547/issn0195-6574-ej-vol8-no2-7,Hirst_1987,retrofit,oceanic,fine_tuning,energy,retrofit_program,,13.2,percent,measured,1,BPA Residential Weatherization (interim/full-scale) program-level weighted electricity savings 13.2% (n=2207); wall insulation below predictions; storm windows/doors least cost-effective,Giandomenico working paper Table 3 and review text (fetched)
