record_id,doi,study_site,track,intervention,climate_tag,lcz_tag,author_year,title,journal,city,country,outcome,design,source_review
B000,10.1002/(sici)1097-0088(199805)18:6<681::aid-joc289>3.0.co;2-l,"gothenburg:Upmanis, Eliasson & Lindqvist 1998",B,greening,,,"Upmanis, Eliasson & Lindqvist 1998","The influence of green areas on nocturnal temperatures in a high latitude city (Goteborg, Sweden)",International Journal of Climatology,Gothenburg,Sweden,park nocturnal cooling and extent beyond boundary,mobile traverses,Knight et al. 2021 Environ Evid (Additional file 7)
B001,10.1002/joc.1330,"tel-aviv:Potchter, Cohen & Bitan 2006",B,greening,,,"Potchter, Cohen & Bitan 2006","Climatic behaviour of various urban parks during hot and humid summer in the Mediterranean city of Tel Aviv, Israel",International Journal of Climatology,Tel Aviv,Israel,park cool island day/night behaviour,multi-park field monitoring,Knight et al. 2021 Environ Evid (Additional file 7)
B002,10.1007/978-981-19-9822-5_315,paris:Karam_2023,B,combined,,,Karam_2023,Spatial Microclimatic Characterization of a Parisian 'Oasis' Schoolyard,Proceedings of the 5th International Conference on Building Energy and Environment (Springer),Paris,France,"Microclimatic performance of implemented unsealed and greened OASIS schoolyard vs paired control, before (2019) and after (2021) works",BACI design with fixed weather stations plus mobile summer campaigns,cited in arXiv 2408.08317 ref [24]; abstract fetched via doi.org
B003,10.1007/bf01040959,mexico-city:Barradas 1991,B,greening,,,Barradas 1991,Air temperature and humidity and human comfort index of some city parks of Mexico City,International Journal of Biometeorology,Mexico City,Mexico,park air temperature and humidity reduction,in-park vs street field measurement,Knight et al. 2021 Environ Evid (Additional file 7)
B004,10.1007/s00376-009-0283-x,seoul:Kim_2009,B,combined,,,Kim_2009,Restoration of an inner-city stream and its impact on air temperature and humidity based on long-term monitoring data,Advances in Atmospheric Sciences,Seoul,South Korea,Long-term monitored air temperature and humidity changes around Cheonggyecheon after stream restoration (highway removal + water + greenway),Before-after long-term station monitoring of implemented urban stream restoration,Landscape Performance Series case study (doi.org/10.31353/cs0140)
B005,10.1007/s00484-015-1014-x,tbd:Konarska et al. 2015,B,greening,,,Konarska et al. 2015,Transpiration of urban trees and its cooling effect in a high latitude city,International Journal of Biometeorology,TBD,Sweden,urban tree transpiration and cooling,field measurement of trees,Knight et al. 2021 Environ Evid (Additional file 7)
B006,10.1007/s00704-010-0293-8,phoenix:Chow et al. 2011,B,greening,,,Chow et al. 2011,Observing and modelling the nocturnal park cool island of an arid city: horizontal and vertical impacts,Theoretical and Applied Climatology,Phoenix,USA,nocturnal park cool island (air temperature),field observation + modelling,Knight et al. 2021 Environ Evid (Additional file 7)
B007,10.1007/s00704-015-1409-y,tbd:Coutts et al. 2015,B,greening,,,Coutts et al. 2015,Temperature and human thermal comfort effects of street trees across three contrasting street canyon environments,Theoretical and Applied Climatology,TBD,Australia,street tree air temperature and thermal comfort effect,street canyon field measurement,Knight et al. 2021 Environ Evid (Additional file 7)
B008,10.1007/s10661-008-0483-3,"athens:Zoulia, Santamouris & Dimoudi 2009",B,greening,,,"Zoulia, Santamouris & Dimoudi 2009",Monitoring the effect of urban green areas on the heat island in Athens,Environmental Monitoring and Assessment,Athens,Greece,green area (National Garden) effect on UHI,urban monitoring network,Knight et al. 2021 Environ Evid (Additional file 7)
B009,10.1007/s12053-012-9164-8,national:Scheer_Clancy_NiHogain_2013,B,retrofit,,,Scheer_Clancy_NiHogain_2013,Quantification of energy savings from Ireland's home energy saving scheme: an ex post billing analysis,Energy Efficiency,national,Ireland,gas use -21% (~3664 kWh/yr) vs control group; ~36% below ex-ante engineering estimate,ex-post billing analysis with control group (difference-in-difference),Adan & Fuerst 2016 reference list; EPATEE Better Energy Homes case study (fetched)
B010,10.1007/s12053-015-9418-3,national-(england-and-wales):Adan_Fuerst_2016,B,retrofit,,,Adan_Fuerst_2016,Do energy efficiency measures really reduce household energy consumption? A difference-in-difference analysis,Energy Efficiency,national (England and Wales),UK,gas use -10.5% after cavity wall insulation alone; -13.3% for cavity wall insulation plus new boiler,difference-in-difference on metered gas/energy (NEED database),fetched full text directly (Springer)
B011,10.1007/s12053-018-9634-8,national-(non-profit-housing):Filippidou_Nieboer_Visscher_2019,B,retrofit,,,Filippidou_Nieboer_Visscher_2019,Effectiveness of energy renovations: a reassessment based on actual consumption savings,Energy Efficiency,national (non-profit housing),Netherlands,actual consumption savings from renovation measures substantially below predicted savings,pre/post actual consumption analysis of renovated dwellings,cited in van den Brom et al. 2019 refs; full text fetched (Springer)
B012,10.1016/0143-6228(85)90005-0,midwestern-city-(unnamed):Brown_Macey_1985,B,retrofit,,,Brown_Macey_1985,Evaluating the impact of two energy conservation programmes in a midwestern city,Applied Geography,midwestern city (unnamed),USA,measured savings from two conservation programmes; storm windows/doors lowest savings,pre/post billing comparison,Giandomenico et al. 2022 Annu Rev Resour Econ
B013,10.1016/0360-1323(85)90024-1,north-central-us-(region):Hirst_Goeltz_1985,B,retrofit,,,Hirst_Goeltz_1985,Comparison of actual energy savings with audit predictions for homes in the north central region of the U.S.A.,Building and Environment,north-central US (region),USA,actual savings below audit predictions,measured vs predicted pre/post billing comparison,Giandomenico et al. 2022 Annu Rev Resour Econ
B014,10.1016/0360-5442(84)90107-5,pacific-northwest-(region):Hirst_Bronfman_Goeltz_Trimble_Lerman_Keating_1984,B,retrofit,,,Hirst_Bronfman_Goeltz_Trimble_Lerman_Keating_1984,Evaluation of utility residential energy conservation programs: a Pacific Northwest example,Energy,Pacific Northwest (region),USA,measured electricity savings from utility residential conservation programs,program evaluation with metered consumption and self-selection controls,Giandomenico et al. 2022 Annu Rev Resour Econ
B015,10.1016/0360-5442(88)90085-0,multiple:Goldman_Greely_Harris_1988,B,retrofit,,,Goldman_Greely_Harris_1988,Retrofit experience in U.S. multifamily buildings: energy savings costs and economics,Energy,multiple,USA,measured energy savings and costs in retrofitted multifamily buildings,pre/post billing analysis of multifamily retrofits,Giandomenico et al. 2022 Annu Rev Resour Econ
B016,10.1016/0360-5442(95)00027-e,national:Brown_Berry_1995,B,retrofit,,,Brown_Berry_1995,Determinants of program effectiveness: results of the national weatherization evaluation,Energy,national,USA,measured gas/electricity savings across national WAP; insulation among highest-saving measures,program evaluation with metered billing data,Giandomenico et al. 2022 Annu Rev Resour Econ (10.1146/annurev-resource-111920-124353)
B017,10.1016/0378-7788(85)90018-0,pacific-northwest-(region):Hirst_White_Goeltz_McKinstry_1985,B,retrofit,,,Hirst_White_Goeltz_McKinstry_1985,Actual electricity savings and audit predictions for residential retrofit in the Pacific Northwest,Energy and Buildings,Pacific Northwest (region),USA,actual savings below audit predictions; +0.32 kWh/yr saving per 1 kWh/yr higher baseline use,pre/post metered analysis (BPA pilot),Giandomenico et al. 2022 Annu Rev Resour Econ
B018,10.1016/0378-7788(85)90022-2,multiple:Goldman_1985,B,retrofit,,,Goldman_1985,Measured energy savings from residential retrofits: updated results from the BECA-B project,Energy and Buildings,multiple,USA,compiled measured retrofit savings across residential buildings (BECA-B),compilation of measured pre/post billing data,Giandomenico et al. 2022 Annu Rev Resour Econ
B019,10.1016/0378-7788(86)90005-8,midwest-(region):Goldberg_1986,B,retrofit,,,Goldberg_1986,A midwest low-income weatherization program seen through PRISM,Energy and Buildings,Midwest (region),USA,measured billing savings from low-income weatherization,PRISM weather-normalized pre/post billing analysis,Giandomenico et al. 2022 Annu Rev Resour Econ
B020,10.1016/0378-7788(86)90008-3,north-central-us-(region):Hewett_1986,B,retrofit,,,Hewett_1986,Measured versus predicted savings from single retrofits: a sample study,Energy and Buildings,north-central US (region),USA,measured savings below audit predictions; furnace retrofit realization rate 78%,measured vs predicted pre/post billing sample study,Giandomenico et al. 2022 Annu Rev Resour Econ
B021,10.1016/0378-7788(86)90010-1,san-francisco-ca:Goldman_Ritschard_1986,B,retrofit,,,Goldman_Ritschard_1986,Energy conservation in public housing: a case study of the San Francisco housing authority,Energy and Buildings,San Francisco CA,USA,measured energy savings in retrofitted public housing,pre/post billing case study,Giandomenico et al. 2022 Annu Rev Resour Econ
B022,10.1016/0378-7788(89)90014-5,hood-river-or:Hirst_Goeltz_Trumble_1989,B,retrofit,,,Hirst_Goeltz_Trumble_1989,Effects of the Hood River Conservation Project on electricity use,Energy and Buildings,Hood River OR,USA,measured electricity savings; previously retrofitted homes saved ~1000 kWh less than first-time retrofitters,pre/post metered analysis of community-wide retrofit project,Giandomenico et al. 2022 Annu Rev Resour Econ
B023,10.1016/0378-7788(89)90017-0,hood-river-or:Brown_White_Purucker_1989,B,retrofit,,,Brown_White_Purucker_1989,Energy savings of water-heater retrofits: evidence from Hood River,Energy and Buildings,Hood River OR,USA,measured electricity savings from water-heater retrofits,pre/post metered analysis,Giandomenico et al. 2022 Annu Rev Resour Econ
B024,10.1016/0378-7788(89)90019-4,not-specified:Lee_Englin_1989,B,retrofit,,,Lee_Englin_1989,Using a model and empirical data to analyze manufactured home conservation retrofits,Energy and Buildings,not specified,USA,measured savings of manufactured-home conservation retrofits; insulation among higher-saving measures,empirical billing data with model comparison,Giandomenico et al. 2022 Annu Rev Resour Econ
B025,10.1016/0378-7788(90)90021-a,mexico-city:Jauregui 1991,B,greening,,,Jauregui 1991,Influence of a large urban park on temperature and convective precipitation in a tropical city,Energy and Buildings,Mexico City,Mexico,large park (Chapultepec) cooling influence,long-term observation,Knight et al. 2021 Environ Evid (Additional file 7); also in Aram et al. 2019
B026,10.1016/0378-7788(91)90012-r,multiple:Cohen_Goldman_Harris_1991,B,retrofit,,,Cohen_Goldman_Harris_1991,Energy savings and economics of retrofitting single-family buildings,Energy and Buildings,multiple,USA,measured annual savings of 12-21% from loft and wall insulation,before/after billing comparison,Adan & Fuerst 2016 Energy Efficiency reference list (10.1007/s12053-015-9418-3)
B027,10.1016/0378-7788(93)90035-s,colorado-(state):Burch_1993,B,retrofit,,,Burch_1993,A utility bill study of mobile home weatherization savings,Energy and Buildings,Colorado (state),USA,utility-bill measured weatherization savings in mobile homes; realized savings well below predictions,pre/post utility-bill analysis (no control group),Giandomenico et al. 2022 Annu Rev Resour Econ
B028,10.1016/j.apr.2021.01.017,tbd:Jia et al. 2021,B,greening,,,Jia et al. 2021,Effects of roadside green infrastructure on particle exposure: a focus on cyclists and pedestrians on pathways between urban roads and vegetative barriers,Atmospheric Pollution Research,TBD,China,roadside green infrastructure effect on particle exposure,field exposure measurement,Vigevani et al. 2024 Atmos Environ X (10.1016/j.aeaoa.2023.100233)
B029,10.1016/j.apr.2022.101514,london:Hajmohammadi_2022,B,low_emission_zone,,,Hajmohammadi_2022,Evaluation of air quality effects of the London ultra-low emission zone by state-space modelling,Atmospheric Pollution Research,London,UK,NO2 reduction inside ULEZ detected (review: ULEZ NO2 reductions mostly 10-20%),state-space time series modelling of monitoring data,Delgado-Lindeman 2025 ETRR review
B030,10.1016/j.atmosenv.2005.08.037,"multiple-sites,-california:Levinson_2005",B,cool_roof,,,Levinson_2005,Effects of soiling and cleaning on the reflectance and solar heat gain of a light-colored roofing membrane,Atmospheric Environment,"multiple sites, California",USA,quantified reflectance loss from soiling and recovery after cleaning on in-service roof membranes,field measurements on installed roofing membranes,Aggarwal & Molleti 2024 (10.3390/buildings14082257)
B031,10.1016/j.atmosenv.2008.09.015,stockholm:Johansson_2009,B,low_emission_zone,,,Johansson_2009,The effects of congestion tax on air quality and health,Atmospheric Environment,Stockholm,Sweden,NOx and PM10 emission and concentration reductions in inner city during 2006 congestion tax trial,evaluation of real trial (traffic measurements plus dispersion modelling),fetched primary paper; cited in road pricing literature
B032,10.1016/j.atmosenv.2011.04.008,milan:Invernizzi_2011,B,low_emission_zone,,,Invernizzi_2011,"Measurement of black carbon concentration as an indicator of air quality benefits of traffic restriction policies within the Ecopass zone in Milan, Italy",Atmospheric Environment,Milan,Italy,Black carbon/PM10 ratio -47% in Ecopass zone vs no-restriction zone; PM10/PM2.5/PM1 mass not significant,spatial monitoring campaign inside vs outside charging zone,fetched primary paper; also cited in Urban Road Pricing comparative review (10.1016/j.trpro.2016.05.062)
B033,10.1016/j.atmosenv.2011.12.050,london-and-birmingham:Jones_2012,B,low_emission_zone,,,Jones_2012,A large reduction in airborne particle number concentrations at the time of the introduction of 'sulphur free' diesel and the London Low Emission Zone,Atmospheric Environment,London and Birmingham,UK,NOx -33% to -65% and PM10 -30% to -59% around LEZ introduction; attributed mainly to sulphur-free fuel,interrupted time series of particle counts 2005-2010,Delgado-Lindeman 2025 ETRR review
B034,10.1016/j.atmosenv.2013.12.035,amsterdam:Panteliadis_2014,B,low_emission_zone,,,Panteliadis_2014,Implementation of a low emission zone and evaluation of effects on air quality by long-term monitoring,Atmospheric Environment,Amsterdam,Netherlands,Elemental carbon -12.9%; PM10 -5.8%; NO2 -4.9%; NOx -5.9%,long-term before/after monitoring (multivariate regression with meteorology),Delgado-Lindeman 2025 ETRR review
B035,10.1016/j.atmosenv.2015.09.064,lisbon:Ferreira_2015,B,low_emission_zone,,,Ferreira_2015,Air quality improvements following implementation of Lisbon's low emission zone,Atmospheric Environment,Lisbon,Portugal,PM10 -23%; NO2 -12% after LEZ phase 2 (2011-2013 monitoring),"before/after monitoring, inside vs outside zone trend analysis",Delgado-Lindeman 2025 ETRR review (10.1186/s12544-025-00749-2)
B036,10.1016/j.atmosenv.2018.12.036,tbd:Abhijith & Kumar 2019,B,greening,,,Abhijith & Kumar 2019,Field investigations for evaluating green infrastructure effects on air quality in open-road conditions,Atmospheric Environment,TBD,UK,PM concentration reduction behind roadside green infrastructure,open-road field campaign,Vigevani et al. 2024 Atmos Environ X (10.1016/j.aeaoa.2023.100233)
B037,10.1016/j.atmosenv.2021.118189,modena:Donateo et al. 2021,B,greening,,,Donateo et al. 2021,"An evaluation of the performance of a green panel in improving air quality, the case study in a street canyon in Modena, Italy",Atmospheric Environment,Modena,Italy,green panel effect on street canyon air quality,street canyon field campaign,Vigevani et al. 2024 Atmos Environ X (10.1016/j.aeaoa.2023.100233)
B038,10.1016/j.atmosenv.2024.120326,madrid:Morillas_2024,B,low_emission_zone,,,Morillas_2024,Impact of the implementation of Madrid's low emission zone on NO2 concentration using Sentinel-5P/TROPOMI data,Atmospheric Environment,Madrid,Spain,NO2 reduction inside LEZ detected from satellite column data,before/after satellite (TROPOMI) observation analysis,Delgado-Lindeman 2025 ETRR review
B039,10.1016/j.buildenv.2005.07.030,"singapore:Hien, Yok & Yu 2007",B,greening,,,"Hien, Yok & Yu 2007",Study of thermal performance of extensive rooftop greenery systems in the tropical climate,Building and Environment,Singapore,Singapore,extensive green roof thermal performance,field monitoring of roof systems,Knight et al. 2021 Environ Evid (Additional file 7)
B040,10.1016/j.buildenv.2006.06.005,tbd:Levinson_2007,B,cool_roof,,,Levinson_2007,Cooler tile-roofed buildings with near-infrared-reflective non-white coatings,Building and Environment,TBD,USA,NIR-reflective non-white tile coatings reduced roof and attic temperatures,field demonstration measurements on tile-roofed buildings,Aggarwal & Molleti 2024 (10.3390/buildings14082257)
B041,10.1016/j.buildenv.2006.06.017,tbd:Takebayashi & Moriyama 2007,B,greening,,,Takebayashi & Moriyama 2007,Surface heat budget on green roof and high reflection roof for mitigation of urban heat island,Building and Environment,TBD,Japan,green roof surface heat budget vs reflective roof,field measurement,Knight et al. 2021 Environ Evid (Additional file 7)
B042,10.1016/j.buildenv.2009.12.003,chania:Georgi & Dimitriou 2010,B,greening,,,Georgi & Dimitriou 2010,"The contribution of urban green spaces to the improvement of environment in cities: Case study of Chania, Greece",Building and Environment,Chania,Greece,green space cooling contribution,field measurement,Knight et al. 2021 Environ Evid (Additional file 7)
B043,10.1016/j.buildenv.2010.03.001,tbd:Fioretti et al. 2010,B,greening,,,Fioretti et al. 2010,Green roof energy and water related performance in the Mediterranean climate,Building and Environment,TBD,Italy,green roof energy and runoff performance,building monitoring,Knight et al. 2021 Environ Evid (Additional file 7)
B044,10.1016/j.buildenv.2010.06.014,athens:Synnefa_2011,B,cool_roof,,,Synnefa_2011,Experimental testing of cool colored thin layer asphalt and estimation of its potential to improve the urban microclimate,Building and Environment,Athens,Greece,cool colored asphalt surface up to -12 C vs conventional asphalt,"outdoor field testing of colored asphalt specimens, July campaign",Kousis & Pisello 2023 (10.1016/j.uclim.2023.101470)
B045,10.1016/j.buildenv.2011.04.034,"lisbon:Oliveira, Andrade & Vaz 2011",B,greening,,,"Oliveira, Andrade & Vaz 2011",The cooling effect of green spaces as a contribution to the mitigation of urban heat: A case study in Lisbon,Building and Environment,Lisbon,Portugal,small green space cooling effect,paired site comparison,Knight et al. 2021 Environ Evid (Additional file 7); also in Aram et al. 2019
B046,10.1016/j.buildenv.2011.06.025,tbd:Mahmoud 2011,B,greening,,,Mahmoud 2011,Analysis of the microclimatic and human comfort conditions in an urban park in hot and arid regions,Building and Environment,TBD,Egypt,park microclimate and comfort in hot arid city,in-park field measurement,Knight et al. 2021 Environ Evid (Additional file 7); also in Aram et al. 2019
B047,10.1016/j.buildenv.2011.07.027,phoenix:Chow & Brazel 2012,B,greening,,,Chow & Brazel 2012,Assessing xeriscaping as a sustainable heat island mitigation approach for a desert city,Building and Environment,Phoenix,USA,landscaping/vegetation effect on heat island,field measurement + scenario analysis,Aram et al. 2019 Heliyon
B048,10.1016/j.buildenv.2011.08.004,"chicago:Mackey, Lee & Smith 2012",B,greening,,,"Mackey, Lee & Smith 2012",Remotely sensing the cooling effects of city scale efforts to reduce urban heat island,Building and Environment,Chicago,USA,cooling from implemented city-scale greening/albedo programs,remote sensing observational,Aram et al. 2019 Heliyon
B049,10.1016/j.buildenv.2011.08.011,hyderabad:Xu_2012,B,cool_roof,,,Xu_2012,Quantifying the direct benefits of cool roofs in an urban setting: Reduced cooling energy use and lowered greenhouse gas emissions,Building and Environment,Hyderabad,India,AC energy use -14 to -26%; ~20-22 kWh/m2/yr saving on coated roof area,detailed monitoring of commercial building cool roof retrofit,Rawat & Singh 2022 (10.1016/j.enbenv.2021.03.001)
B050,10.1016/j.buildenv.2011.11.020,"tel-aviv:Cohen, Potchter & Matzarakis 2012",B,greening,,,"Cohen, Potchter & Matzarakis 2012",Daily and seasonal climatic conditions of green urban open spaces in the Mediterranean climate and their impact on human comfort,Building and Environment,Tel Aviv,Israel,green space cooling and thermal comfort,seasonal field monitoring of green sites,Aram et al. 2019 Heliyon; also in Knight et al. 2021
B051,10.1016/j.buildenv.2012.01.022,"flisvos,-athens:Santamouris_2012b",B,cool_roof,,,Santamouris_2012b,Using cool paving materials to improve microclimate of urban areas - Design realization and results of the flisvos project,Building and Environment,"Flisvos, Athens",Greece,"pavement surface -7.6 C (4500 m2 colored IR-reflective concrete, albedo 0.60)",monitored large-scale park/promenade repaving,Kousis & Pisello 2023 (10.1016/j.uclim.2023.101470)
B052,10.1016/j.buildenv.2012.11.004,rome:Carnielo_2013,B,cool_roof,,,Carnielo_2013,Optical and thermal characterisation of cool asphalts to mitigate urban temperatures and building cooling demand,Building and Environment,Rome,Italy,cool coated asphalt up to -10 C (off-white) vs aged asphalt,20-day outdoor monitoring of 4x4 m coated pavement fields,Kousis & Pisello 2023 (10.1016/j.uclim.2023.101470)
B053,10.1016/j.buildenv.2014.03.003,beijing:Zhang et al. 2014,B,greening,,,Zhang et al. 2014,"The cooling effect of urban green spaces as a contribution to energy-saving and emission-reduction: a case study in Beijing, China",Building and Environment,Beijing,China,green space cooling translated to energy saving,observational analysis of green spaces,Aram et al. 2019 Heliyon
B054,10.1016/j.buildenv.2015.06.002,tbd:Heusinger & Weber 2015,B,greening,,,Heusinger & Weber 2015,Comparative microclimate and dewfall measurements at an urban green roof versus bitumen roof,Building and Environment,TBD,Germany,green roof vs bitumen roof microclimate,paired roof field measurement,Knight et al. 2021 Environ Evid (Additional file 7)
B055,10.1016/j.buildenv.2016.10.021,tbd:Solcerova et al. 2017,B,greening,,,Solcerova et al. 2017,Do green roofs cool the air?,Building and Environment,TBD,Netherlands,above-roof air temperature effect of green roofs,field measurement,Knight et al. 2021 Environ Evid (Additional file 7)
B056,10.1016/j.buildenv.2017.02.020,nanjing:Yin et al. 2017,B,greening,,,Yin et al. 2017,"Cooling effect of direct green façades during hot summer days: an observational study in Nanjing, China using TIR and 3DPC data",Building and Environment,Nanjing,China,green facade surface cooling on hot days,thermal infrared observational study,Knight et al. 2021 Environ Evid (Additional file 7); also in Nasr et al. 2024 Energies review
B057,10.1016/j.buildenv.2018.05.033,guangzhou:Wang_2018,B,cool_roof,,,Wang_2018,Experimental investigation on the influence of evaporative cooling of permeable pavements on outdoor thermal environment,Building and Environment,Guangzhou,China,permeable pavement surface up to -10 C after irrigation; multi-height air temp profiles,4-day outdoor field campaign on 4x4 m pavement fields,Kousis & Pisello 2023 (10.1016/j.uclim.2023.101470)
B058,10.1016/j.buildenv.2026.114550,seville:Montero-Gutierrez_2026,B,combined,,,Montero-Gutierrez_2026,Thermal comfort and energy performance of a passive urban climate shelter under extreme heat: Large-scale measurements at Cartuja Qanat Agora,Building and Environment,Seville,Spain,Implemented shelter combining solar blocking + water-fed radiant ceiling + ground/water heat exchange + evaporative night regeneration cut outdoor air temp >15C and MRT up to 8C; 80% of users thermally neutral,Large-scale experimental monitoring plus user comfort surveys of implemented multi-technology urban climate shelter,ScienceDirect via doi.org and Univ. of Seville repository
B059,10.1016/j.conbuildmat.2015.04.043,xi'an:Zheng_2015,B,cool_roof,,,Zheng_2015,Comparison and analysis on heat reflective coating for asphalt pavement based on cooling effect and anti-skid performance,Construction and Building Materials,Xi'an,China,heat-reflective coating surface -10 C vs asphalt,"outdoor field sections (2.5-10 m2), summer monitoring",Kousis & Pisello 2023 (10.1016/j.uclim.2023.101470)
B060,10.1016/j.cscm.2016.01.001,hyogo:Higashiyama_2016,B,cool_roof,,,Higashiyama_2016,Field measurements of road surface temperature of several asphalt pavements with temperature rise reducing function,Case Studies in Construction Materials,Hyogo,Japan,water-retaining pavements ~10-20 C cooler than conventional porous asphalt (>60 C),field measurements at two real construction sites,Kousis & Pisello 2023 (10.1016/j.uclim.2023.101470)
B061,10.1016/j.ecoleng.2016.06.050,toronto:MacIvor et al. 2016,B,greening,,,MacIvor et al. 2016,Air temperature cooling by extensive green roofs in Toronto Canada,Ecological Engineering,Toronto,Canada,extensive green roof air temperature cooling,field measurement of roofs,Knight et al. 2021 Environ Evid (Additional file 7); also in Nasr et al. 2024 Energies review
B062,10.1016/j.egypro.2017.07.348,geneva:Khoury_Alameddine_Hollmuller_2017,B,retrofit,,,Khoury_Alameddine_Hollmuller_2017,Understanding and bridging the energy performance gap in building retrofit,Energy Procedia,Geneva,Switzerland,measured post-retrofit consumption above predictions; performance gap in retrofit buildings analyzed,monitored post-retrofit consumption analysis (M&V),Sustainability 2024 16:7792 EPG-LCA review
B063,10.1016/j.enbuild.2004.11.013,"multiple-sites,-california:Akbari_2005",B,cool_roof,,,Akbari_2005,Monitoring the energy-use effects of cool roofs on California commercial buildings,Energy and Buildings,"multiple sites, California",USA,cooling energy savings 22-54%,monitored pre/post cool roof retrofits of commercial buildings,Rawat & Singh 2022 (10.1016/j.enbenv.2021.03.001)
B064,10.1016/j.enbuild.2005.02.001,"tbd:Lazzarin, Castellotti & Busato 2005",B,greening,,,"Lazzarin, Castellotti & Busato 2005",Experimental measurements and numerical modelling of a green roof,Energy and Buildings,TBD,Italy,green roof heat flux reduction (hospital building),building measurement + model,Nasr et al. 2024 Energies review (10.3390/en17205160)
B065,10.1016/j.enbuild.2006.01.007,five-urban-areas:Hong_Oreszczyn_Ridley_2006,B,retrofit,,,Hong_Oreszczyn_Ridley_2006,The impact of energy efficient refurbishment on the space heating fuel consumption in English dwellings,Energy and Buildings,five urban areas,UK,space-heating fuel use -10% (centrally heated) and -17% (non-central) after cavity/loft insulation; new gas central heating gave no net reduction,monitored field study of 1372 households (Warm Front) pre/post,Adan & Fuerst 2016 Energy Efficiency reference list; corroborated by fetched ScienceDirect abstract
B066,10.1016/j.enbuild.2010.05.030,not-specified:Hens_2010,B,retrofit,,,Hens_2010,Energy efficient retrofit of an end of the row house: confronting predictions with long-term measurements,Energy and Buildings,not specified,Belgium,long-term measured post-retrofit consumption compared against predictions in retrofitted row house,long-term monitored single-building case study (M&V),Sustainability 2024 16:7792 EPG-LCA review
B067,10.1016/j.enbuild.2011.07.011,london:Kolokotroni_2013,B,cool_roof,,,Kolokotroni_2013,Cool roof technology in London: An experimental and modelling study,Energy and Buildings,London,UK,surface/indoor temp -2.5 C; ~8.5% energy saving,monitored naturally ventilated office (flat roof reflective paint) + TRNSYS model,Rawat & Singh 2022 (10.1016/j.enbenv.2021.03.001)
B068,10.1016/j.enbuild.2011.07.017,poitiers:Bozonnet_2011,B,cool_roof,,,Bozonnet_2011,Cool roofs impact on building thermal response: A French case study,Energy and Buildings,Poitiers,France,significantly reduced external roof surface and indoor operative temps in summer,monitored residential building case study,Aggarwal & Molleti 2024 (10.3390/buildings14082257); also in Rawat & Singh 2022
B069,10.1016/j.enbuild.2011.07.023,"trapani,-sicily:Romeo_2013",B,cool_roof,,,Romeo_2013,Impact of a cool roof application on the energy and comfort performance in an existing non-residential building. A Sicilian case study,Energy and Buildings,"Trapani, Sicily",Italy,indoor operative temp -2.3 C; cooling energy -54%,two-phase pre/post monitoring of 700 m2 school roof,Rawat & Singh 2022 (10.1016/j.enbenv.2021.03.001)
B070,10.1016/j.enbuild.2011.09.011,"iraklion,-crete:Kolokotsa_2012",B,cool_roof,,,Kolokotsa_2012,"Numerical and experimental analysis of cool roofs application on a laboratory building in Iraklion, Crete, Greece",Energy and Buildings,"Iraklion, Crete",Greece,energy saving 19.8% (roof albedo 0.89),pre/post monitoring of laboratory building + simulation,Rawat & Singh 2022 (10.1016/j.enbenv.2021.03.001)
B071,10.1016/j.enbuild.2011.09.018,tbd:Getter et al. 2011,B,greening,,,Getter et al. 2011,Seasonal heat flux properties of an extensive green roof in a Midwestern U.S. climate,Energy and Buildings,TBD,USA,green roof heat flux reduction across seasons,instrumented roof monitoring,Knight et al. 2021 Environ Evid (Additional file 7); also in Nasr et al. 2024 Energies review
B072,10.1016/j.enbuild.2012.01.044,athens:Synnefa_2012,B,cool_roof,,,Synnefa_2012,Experimental and numerical assessment of the impact of increased roof reflectance on a school building in Athens,Energy and Buildings,Athens,Greece,indoor air temp -2.8 C; annual cooling load -40% (roof reflectance 0.89),pre/post cool coating on school building + validated simulation,Rawat & Singh 2022 (10.1016/j.enbenv.2021.03.001)
B073,10.1016/j.enbuild.2013.10.031,perugia:Pisello_2014,B,cool_roof,,,Pisello_2014,The thermal effect of an innovative cool roof on residential buildings in Italy: results from two years of continuous monitoring,Energy and Buildings,Perugia,Italy,summer peak attic overheating -4.7 C; winter overcooling only 1.2 C,two years continuous monitoring of cool clay tile roof on residential building,Rawat & Singh 2022 (10.1016/j.enbenv.2021.03.001)
B074,10.1016/j.enbuild.2015.04.055,"athens:Karachaliou, Santamouris & Pangalou 2016",B,greening,,,"Karachaliou, Santamouris & Pangalou 2016",Experimental and numerical analysis of the energy performance of a large scale intensive green roof system installed on an office building in Athens,Energy and Buildings,Athens,Greece,intensive green roof building energy performance,building monitoring + simulation,Knight et al. 2021 Environ Evid (Additional file 7)
B075,10.1016/j.enbuild.2015.06.043,nagpur-and-hyderabad:Garg_2016,B,cool_roof,,,Garg_2016,Assessment of the impact of cool roofs in rural buildings in India,Energy and Buildings,Nagpur and Hyderabad,India,indoor temp -4.0 to -5.5 C in unconditioned school buildings,monitored two unconditioned school buildings Mar-May 2014,Rawat & Singh 2022; DOI verified via Crossref
B076,10.1016/j.enbuild.2015.06.047,tbd:Hoelscher et al. 2016,B,greening,,,Hoelscher et al. 2016,"Quantifying cooling effects of facade greening: Shading, transpiration and insulation",Energy and Buildings,TBD,Germany,facade greening wall cooling (shading/transpiration),field measurement,Knight et al. 2021 Environ Evid (Additional file 7)
B077,10.1016/j.enbuild.2016.05.020,not-specified:Cali_Osterhage_Streblow_Muller_2016,B,retrofit,,,Cali_Osterhage_Streblow_Muller_2016,Energy performance gap in refurbished German dwellings: lesson learned from a field test,Energy and Buildings,not specified,Germany,monitored refurbished dwellings show substantial gap between design and measured consumption,monitored field test of refurbished dwellings (M&V),Sustainability 2024 16:7792 EPG-LCA review
B078,10.1016/j.enbuild.2016.06.016,shanghai:He et al. 2016,B,greening,,,He et al. 2016,Thermal and energy performance assessment of extensive green roof in summer: A case study of a lightweight building in Shanghai,Energy and Buildings,Shanghai,China,extensive green roof summer thermal/energy performance,building field measurement,Nasr et al. 2024 Energies review (10.3390/en17205160)
B079,10.1016/j.enbuild.2016.09.056,tbd:El Bachawati et al. 2016,B,greening,,,El Bachawati et al. 2016,Real-time temperature monitoring for Traditional gravel ballasted and Extensive green roofs: A Lebanese case study,Energy and Buildings,TBD,Lebanon,green roof vs gravel roof temperature reduction,paired roof real-time monitoring,Nasr et al. 2024 Energies review (10.3390/en17205160)
B080,10.1016/j.enbuild.2016.10.056,athens:Foustalieraki et al. 2017,B,greening,,,Foustalieraki et al. 2017,Energy performance of a medium scale green roof system installed on a commercial building using numerical and experimental data recorded during the cold period of the year,Energy and Buildings,Athens,Greece,green roof heating-season energy performance,building monitoring + simulation,Knight et al. 2021 Environ Evid (Additional file 7)
B081,10.1016/j.enbuild.2017.03.036,tbd:Perini et al. 2017,B,greening,,,Perini et al. 2017,The use of vertical greening systems to reduce the energy demand for air conditioning. Field monitoring in Mediterranean climate,Energy and Buildings,TBD,Italy,vertical greening reduced AC energy demand,building field monitoring,Knight et al. 2021 Environ Evid (Additional file 7)
B082,10.1016/j.enbuild.2017.05.052,beijing:Xu et al. 2017,B,greening,,,Xu et al. 2017,"The cooling and energy saving effect of landscape design parameters of urban park in summer: A case of Beijing, China",Energy and Buildings,Beijing,China,park cooling and energy-saving effect,field measurement of parks,Knight et al. 2021 Environ Evid (Additional file 7); also in Aram et al. 2019
B083,10.1016/j.enbuild.2018.07.005,tbd:Kolokotroni_2018,B,cool_roof,,,Kolokotroni_2018,Cool roofs: High tech low cost solution for energy efficiency and thermal comfort in low rise low income houses in high solar radiation countries,Energy and Buildings,TBD,Jamaica,ceiling surface temp -6.8 C; indoor air -2.3 C after cool paint,pre/post monitoring of single-storey house + calibrated models for Brazil and Ghana,Rawat & Singh 2022 (10.1016/j.enbenv.2021.03.001)
B084,10.1016/j.enbuild.2018.10.025,national-(social-housing):vandenBrom_Meijer_Visscher_2019,B,retrofit,,,vandenBrom_Meijer_Visscher_2019,Actual energy saving effects of thermal renovations in dwellings - longitudinal data analysis including building and occupant characteristics,Energy and Buildings,national (social housing),Netherlands,~90000 renovated dwellings; 57% saved less than predicted; deep renovations gave highest absolute measured savings,longitudinal pre/post actual vs calculated consumption analysis,Sustainability 2024 16:7792 EPG-LCA review (10.3390/su16177792); full text fetched from TU Delft
B085,10.1016/j.enbuild.2020.110071,sydney-(region):Green_2020,B,cool_roof,,,Green_2020,Above-roof air temperature effects on HVAC and cool roof performance: Experiments and development of a predictive model,Energy and Buildings,Sydney (region),Australia,Above-roof air averaged +2.53C by day and -1.33C at night vs ambient over three large shopping-centre roofs; ignoring this underestimates cool roof HVAC savings by 44-85%,Field experiments (6 weeks per building) on three in-service large-footprint buildings plus empirical model,ScienceDirect via doi.org
B086,10.1016/j.enbuild.2020.110235,national:Cozza_Chambers_Deb_Scartezzini_Schluter_Patel_2020,B,retrofit,,,Cozza_Chambers_Deb_Scartezzini_Schluter_Patel_2020,Do energy performance certificates allow reliable predictions of actual energy consumption and savings? Learning from the Swiss national database,Energy and Buildings,national,Switzerland,median energy saving gap of 37% across 1172 retrofitted buildings (measured vs EPC-predicted savings),pre/post measured vs predicted savings from national EPC database,Sustainability 2024 16:7792 EPG-LCA review
B087,10.1016/j.enbuild.2021.110993,tbd:Saber_2021,B,cool_roof,,,Saber_2021,"Experimental characterization of reflective coating material for cool roofs in hot, humid and dusty climate",Energy and Buildings,TBD,Saudi Arabia,reflective coating maintains high solar reflectivity and cooling benefit when cleaned regularly in dusty climate,field experimental characterization of roof coating,Aggarwal & Molleti 2024 (10.3390/buildings14082257)
B088,10.1016/j.enbuild.2021.111299,kobe:Takebayashi_2021,B,combined,,,Takebayashi_2021,Study on appropriate heat mitigation technologies for urban block redevelopment based on demonstration experiments in Kobe city,Energy and Buildings,Kobe,Japan,Measured effects of implemented measures: road watering cut surface temp ~10C / MRT 1.9C / SET* 0.8C; fractal sunshade+mist cut MRT ~15C and SET* ~7C; water surface cut surface temp ~15C,Field demonstration experiments of five implemented heat countermeasures evaluated with SET*,fetched via doi.org
B089,10.1016/j.energy.2006.11.011,athens:Santamouris et al. 2007,B,greening,,,Santamouris et al. 2007,"Investigating and analysing the energy and environmental performance of an experimental green roof system installed in a nursery school building in Athens, Greece",Energy,Athens,Greece,green roof cooling load reduction,building measurement + simulation,Nasr et al. 2024 Energies review (10.3390/en17205160)
B090,10.1016/j.energy.2015.01.092,singapore:Zingre_2015b,B,cool_roof,,,Zingre_2015b,Modeling of cool roof performance for double-skin roofs in tropical climate,Energy,Singapore,Singapore,roof temp difference -15 C coated vs uncoated; peak indoor -2.4 C; daily heat gain -51%,"paired identical naturally ventilated apartments, pre/post coating",Rawat & Singh 2022 (10.1016/j.enbenv.2021.03.001)
B091,10.1016/j.enpol.2012.11.008,national:Majcen_Itard_Visscher_2013,B,retrofit,,,Majcen_Itard_Visscher_2013,Theoretical vs. actual energy consumption of labelled dwellings in the Netherlands: discrepancies and policy implications,Energy Policy,national,Netherlands,actual consumption of poorly labelled dwellings well below theoretical predictions (performance gap),cross-sectional measured vs calculated consumption (200k+ dwellings),Filippidou et al. 2019 Energy Efficiency reference list; also cited in Sustainability 2024 16:7792
B092,10.1016/j.enpol.2013.04.004,national-(gb):Hamilton_2013,B,retrofit,,,Hamilton_2013,Energy efficiency in the British housing stock: energy demand and the homes energy efficiency database,Energy Policy,national (GB),UK,measured demand reductions following loft/cavity insulation double glazing and efficient boilers,dwelling-level metered consumption analysis (HEED),Adan & Fuerst 2016 Energy Efficiency reference list
B093,10.1016/j.enpol.2013.05.037,national-(england):Wyatt_2013,B,retrofit,,,Wyatt_2013,A dwelling-level investigation into the physical and socio-economic drivers of domestic energy consumption in England,Energy Policy,national (England),UK,median measured gas savings 13.5-19.5% for cavity wall insulation/condensing boiler; 8.4-12.2% for loft insulation,annualized metered consumption analysis (HEED/NEED),Adan & Fuerst 2016 Energy Efficiency reference list
B094,10.1016/j.enpol.2016.07.015,national:Majcen_Itard_Visscher_2016,B,retrofit,,,Majcen_Itard_Visscher_2016,Actual heating energy savings in thermally renovated Dutch dwellings,Energy Policy,national,Netherlands,measured heating energy savings after label-improving renovations lower than predicted,pre/post billing analysis linked to energy label data,van den Brom et al. 2019 Energy & Buildings reference list
B095,10.1016/j.enpol.2018.03.051,national:Tonn_Rose_Hawkins_2018,B,retrofit,,,Tonn_Rose_Hawkins_2018,Evaluation of the U.S. Department of Energy's weatherization assistance program: impact results,Energy Policy,national,USA,measured billing savings from national WAP impact evaluation,quasi-experimental billing analysis,Giandomenico et al. 2022 Annu Rev Resour Econ
B096,10.1016/j.enpol.2021.112576,national:Coyne_Denny_2021,B,retrofit,,,Coyne_Denny_2021,Retrofit effectiveness: Evidence from a nationwide residential energy efficiency programme,Energy Policy,national,Ireland,whole-home energy use -1091 kWh/yr on average; only external wall insulation high-efficiency boilers and solar heating gave significant reductions,ex-post billing analysis of 8572 homes with control groups,WCPP 2021 international retrofit programmes report (fetched)
B097,10.1016/j.envpol.2011.03.007,"new-york:Susca, Gaffin & Dell'Osso 2011",B,greening,,,"Susca, Gaffin & Dell'Osso 2011",Positive effects of vegetation: Urban heat island and green roofs,Environmental Pollution,New York,USA,vegetation/green roof temperature monitoring across city sites,multi-site field monitoring,Knight et al. 2021 Environ Evid (Additional file 7)
B098,10.1016/j.envpol.2011.03.009,shanghai:Yin et al. 2011,B,greening,,,Yin et al. 2011,"Quantifying air pollution attenuation within urban parks: an experimental approach in Shanghai, China",Environmental Pollution,Shanghai,China,air pollution attenuation within parks,in-park experimental measurement,Knight et al. 2021 Environ Evid (Additional file 7)
B099,10.1016/j.envpol.2012.11.010,tbd:Setala et al. 2013,B,greening,,,Setala et al. 2013,Does urban vegetation mitigate air pollution in northern conditions?,Environmental Pollution,TBD,Finland,vegetation vs open site pollutant concentrations,paired site observational,Knight et al. 2021 Environ Evid (Additional file 7)
B100,10.1016/j.envpol.2013.01.002,munich:Qadir_2013,B,low_emission_zone,,,Qadir_2013,"Concentrations and source contributions of particulate organic matter before and after implementation of a low emission zone in Munich, Germany",Environmental Pollution,Munich,Germany,Elemental carbon -60% after LEZ,"before/after PM sampling (t-test, matrix factorisation)",Delgado-Lindeman 2025 ETRR review
B101,10.1016/j.envpol.2014.02.026,tbd:Grundstrom & Pleijel 2014,B,greening,,,Grundstrom & Pleijel 2014,Limited effect of urban tree vegetation on NO2 and O3 concentrations near a traffic route,Environmental Pollution,TBD,Sweden,tree vegetation effect on NO2/O3 near traffic,near-road field measurement,Knight et al. 2021 Environ Evid (Additional file 7)
B102,10.1016/j.envpol.2014.08.015,"tel-aviv:Cohen, Potchter & Schnell 2014",B,greening,,,"Cohen, Potchter & Schnell 2014","The impact of an urban park on air pollution and noise levels in the Mediterranean city of Tel-Aviv, Israel",Environmental Pollution,Tel Aviv,Israel,park effect on air pollution and noise,in-park vs street measurement,Knight et al. 2021 Environ Evid (Additional file 7)
B103,10.1016/j.envpol.2015.02.026,tbd:Tong et al. 2015,B,greening,,,Tong et al. 2015,Quantifying the effect of vegetation on near-road air quality using brief campaigns,Environmental Pollution,TBD,USA,near-road vegetation effect on air quality,brief field campaigns,Vigevani et al. 2024 Atmos Environ X (10.1016/j.aeaoa.2023.100233)
B104,10.1016/j.envpol.2015.09.006,tbd:Chen et al. 2016,B,greening,,,Chen et al. 2016,Experimental examination of effectiveness of vegetation as bio-filter of particulate matters in the urban environment,Environmental Pollution,TBD,China,vegetation bio-filter effect on PM concentrations,experimental field measurement,Vigevani et al. 2024 Atmos Environ X (10.1016/j.aeaoa.2023.100233)
B105,10.1016/j.envpol.2019.01.016,madrid:Gomez-Moreno et al. 2019,B,greening,,,Gomez-Moreno et al. 2019,Urban vegetation and particle air pollution: experimental campaigns in a traffic hotspot,Environmental Pollution,Madrid,Spain,vegetation effect on particle concentrations at traffic hotspot,experimental field campaigns,Vigevani et al. 2024 Atmos Environ X (10.1016/j.aeaoa.2023.100233)
B106,10.1016/j.envpol.2019.01.040,paris-and-london:Font_2019,B,low_emission_zone,,,Font_2019,A tale of two cities: Is air pollution improving in Paris and London?,Environmental Pollution,Paris and London,France/UK,"NO2 -5 to -6%/yr from 2010; PM10 -5 to -8%; PM2.5 -11% Paris, not significant London",monitoring trend analysis 2005-2016 (linear mixed-effects),Delgado-Lindeman 2025 ETRR review
B107,10.1016/j.envpol.2020.114884,tbd:Abhijith & Kumar 2020,B,greening,,,Abhijith & Kumar 2020,Quantifying particulate matter reduction and their deposition on the leaves of green infrastructure,Environmental Pollution,TBD,UK,PM reduction and leaf deposition at green infrastructure,field measurement,Vigevani et al. 2024 Atmos Environ X (10.1016/j.aeaoa.2023.100233)
B108,10.1016/j.habitatint.2004.04.008,singapore:Wong & Yu 2005,B,greening,,,Wong & Yu 2005,Study of green areas and urban heat island in a tropical city,Habitat International,Singapore,Singapore,green area cooling and UHI pattern,mobile traverse measurement,Aram et al. 2019 Heliyon; also in Knight et al. 2021
B109,10.1016/j.habitatint.2017.07.009,tbd:Qiu et al. 2017,B,greening,,,Qiu et al. 2017,Experimental studies on the effects of green space and evapotranspiration on urban heat island in a subtropical megacity in China,Habitat International,TBD,China,green space evapotranspiration and UHI reduction,experimental field measurement,Knight et al. 2021 Environ Evid (Additional file 7)
B110,10.1016/j.jclepro.2020.123306,tbd:Srbinovska et al. 2021,B,greening,,,Srbinovska et al. 2021,The effect of small green walls on reduction of particulate matter concentration in open areas,Journal of Cleaner Production,TBD,North Macedonia,small green wall PM concentration reduction,field measurement near green wall,Vigevani et al. 2024 Atmos Environ X (10.1016/j.aeaoa.2023.100233)
B111,10.1016/j.jeem.2017.02.003,44-lez-cities-vs-38-controls:Gehrsitz_2017,B,low_emission_zone,,,Gehrsitz_2017,The effect of low emission zones on air pollution and infant health,Journal of Environmental Economics and Management,44 LEZ cities vs 38 controls,Germany,PM10 -4%; ~3 fewer exceedance days; no clear infant health effect,difference-in-differences (monitoring stations),Delgado-Lindeman 2025 ETRR review; also included in Lancet Public Health 2023 review
B112,10.1016/j.jeem.2017.09.001,phoenix-az:Liang_2018,B,retrofit,,,Liang_2018,Do energy retrofits work? Evidence from commercial and residential buildings in Phoenix,Journal of Environmental Economics and Management,Phoenix AZ,USA,measured energy savings in retrofitted commercial and residential buildings; insulation/thermostats most effective,panel econometric analysis of metered consumption,Giandomenico et al. 2022 Annu Rev Resour Econ
B113,10.1016/j.jeem.2021.102512,multiple-cities:Pestel_Wozny_2021,B,low_emission_zone,,,Pestel_Wozny_2021,Health effects of Low Emission Zones: evidence from German hospitals,Journal of Environmental Economics and Management,multiple cities,Germany,PM10 -6% (1.3 ug/m3); NO2 -5% (1.6 ug/m3); CVD inpatient share -9%,difference-in-differences (hospital and monitoring data 2006-2016),Lancet Public Health 2023 review
B114,10.1016/j.jenvman.2021.114048,berlin-and-munich:Gu_2022,B,low_emission_zone,,,Gu_2022,"Low emission zones reduced PM10 but not NO2 concentrations in Berlin and Munich, Germany",Journal of Environmental Management,Berlin and Munich,Germany,PM10 reduced; NO2 not reduced,before/after monitoring statistical evaluation,Delgado-Lindeman 2025 ETRR review
B115,10.1016/j.jhazmat.2018.11.061,lisbon:Santos_2019,B,low_emission_zone,,,Santos_2019,Impact of the implementation of Lisbon low emission zone on air quality,Journal of Hazardous Materials,Lisbon,Portugal,PM10 -29%; NO2 -12%; PM2.5 and NOx not significant,before/after monitoring (ANOVA on station data),Delgado-Lindeman 2025 ETRR review
B116,10.1016/j.jpubeco.2023.105014,multiple-cities:Sarmiento_2023,B,low_emission_zone,,,Sarmiento_2023,The air quality and well-being effects of low emission zones,Journal of Public Economics,multiple cities,Germany,PM10 -1.9 ug/m3; NO2 -3.5 ug/m3 (both p<0.01); hypertension -4.6%,difference-in-differences (staggered LEZ rollout),"Lancet Public Health 2023 review (10.1016/S2468-2667(23)00120-2), preprint version; DOI from ETRR 2025 review"
B117,10.1016/j.landurbplan.2006.09.005,"taipei:Chang, Li & Chang 2007",B,greening,,,"Chang, Li & Chang 2007",A preliminary study on the local cool-island intensity of Taipei city parks,Landscape and Urban Planning,Taipei,Taiwan,park cool island intensity across many parks,paired park vs surroundings measurement,Knight et al. 2021 Environ Evid (Additional file 7)
B118,10.1016/j.landurbplan.2009.04.005,sde-boqer-(negev):ShashuaBar_2009,B,combined,,,ShashuaBar_2009,The cooling efficiency of urban landscape strategies in a hot dry climate,Landscape and Urban Planning,Sde Boqer (Negev),Israel,Six combined treatments of trees + lawn + shade mesh in courtyards; shade trees + grass gave daytime air temp depression up to 2.5K; shading grass cut irrigation water >50% (synergy),"Paired semi-enclosed courtyard field experiment, summer season",Cited (with 2011 companion) in Akbari et al. 2016 JCEM review; abstract fetched
B119,10.1016/j.landurbplan.2010.03.008,tbd:Cao et al. 2010,B,greening,,,Cao et al. 2010,Quantifying the cool island intensity of urban parks using ASTER and IKONOS data,Landscape and Urban Planning,TBD,Japan,park cool island intensity (surface temperature),satellite remote sensing of parks,Aram et al. 2019 Heliyon
B120,10.1016/j.landurbplan.2013.11.002,athens:Skoulika et al. 2014,B,greening,,,Skoulika et al. 2014,"On the thermal characteristics and the mitigation potential of a medium size urban park in Athens, Greece",Landscape and Urban Planning,Athens,Greece,park cool island intensity,fixed station measurement,Knight et al. 2021 Environ Evid (Additional file 7); also in Aram et al. 2019
B121,10.1016/j.landurbplan.2013.12.008,"addis-ababa:Feyisa, Dons & Meilby 2014",B,greening,,,"Feyisa, Dons & Meilby 2014",Efficiency of parks in mitigating urban heat island effect: An example from Addis Ababa,Landscape and Urban Planning,Addis Ababa,Ethiopia,park cooling intensity and distance,transect measurement across parks,Knight et al. 2021 Environ Evid (Additional file 7); also in Aram et al. 2019
B122,10.1016/j.landurbplan.2015.06.005,tbd:Gillner et al. 2015,B,greening,,,Gillner et al. 2015,Role of street trees in mitigating effects of heat and drought at highly sealed urban sites,Landscape and Urban Planning,TBD,Germany,street tree species cooling at sealed sites,field measurement of tree species,Knight et al. 2021 Environ Evid (Additional file 7)
B123,10.1016/j.landurbplan.2018.10.022,seoul:Park_2019,B,combined,,,Park_2019,Influence of urban form on the cooling effect of a small urban river,Landscape and Urban Planning,Seoul,South Korea,Restored Cheonggye River mean cooling intensity 0.46C over 32.7 m at 2pm and 0.37C over 37.2 m at 10pm; modulated by street width and building height,Summer field transect measurements around implemented restored urban river,full-text PDF fetched from DTU Orbit repository
B124,10.1016/j.landurbplan.2024.105206,barcelona:Sanz-Mas_2024,B,combined,,,Sanz-Mas_2024,"Evaluating the effect of green, blue, and gray measures for climate change adaptation on children's well-being in schoolyards in Barcelona",Landscape and Urban Planning,Barcelona,Spain,After green + blue (fountains) + gray (shade) schoolyard transformations in 11 schools: reduced heat sensation and improved comfort vs 10 comparison schools,Pre-post quasi-experimental difference-in-differences evaluation of implemented interventions,ScienceDirect via doi.org
B125,10.1016/j.proenv.2017.03.103,athens:Androutsopoulos_2017,B,cool_roof,,,Androutsopoulos_2017,"Cool roof impacts on a school-building thermal and energy performance in Athens, Greece",Procedia Environmental Sciences,Athens,Greece,measured daily mean indoor air temp -1.6 to -1.9 C; estimated cooling demand -30% (heating penalty 12%),pilot school with cool roof vs twin reference school building monitoring,Rawat & Singh 2022 (10.1016/j.enbenv.2021.03.001)
B126,10.1016/j.renene.2007.03.022,athens:Spala et al. 2008,B,greening,,,Spala et al. 2008,"On the green roof system. Selection, state of the art and energy potential investigation of a system installed in an office building in Athens, Greece",Renewable Energy,Athens,Greece,office building green roof energy potential,building measurement,Nasr et al. 2024 Energies review (10.3390/en17205160)
B127,10.1016/j.renene.2009.07.022,islamabad:Ahmad_2010,B,cool_roof,,,Ahmad_2010,Performance of antisolar insulated roof system,Renewable Energy,Islamabad,Pakistan,AC energy saving ~45 kWh/day on 20.8 m2 experimental roof; reduced winter heat loss,experimental roof system monitoring on real building,Rawat & Singh 2022 (10.1016/j.enbenv.2021.03.001)
B128,10.1016/j.renene.2009.12.021,athens:Tsiros 2010,B,greening,,,Tsiros 2010,Assessment and energy implications of street air temperature cooling by shade trees in Athens (Greece) under extremely hot weather conditions,Renewable Energy,Athens,Greece,street tree cooling and building energy implications,field measurement,Knight et al. 2021 Environ Evid (Additional file 7)
B129,10.1016/j.renene.2014.09.045,singapore:Zingre_2015a,B,cool_roof,,,Zingre_2015a,Modelling of cool roof heat transfer in tropical climate,Renewable Energy,Singapore,Singapore,roof surface -5.4 C; daily heat gain -54%,cool roof heat transfer model validated with field experiments on real apartments,Rawat & Singh 2022 (10.1016/j.enbenv.2021.03.001)
B130,10.1016/j.renene.2020.01.085,"tbd:Bevilacqua, Bruno & Arcuri 2020",B,greening,,,"Bevilacqua, Bruno & Arcuri 2020",Green roofs in a Mediterranean climate: energy performances based on in-situ experimental data,Renewable Energy,TBD,Italy,green roof annual cooling energy saving ~35% (non-insulated roof),in-situ monitoring + calibrated simulation,Nasr et al. 2024 Energies review; abstract fetched from publisher
B131,10.1016/j.scitotenv.2011.12.002,tbd:Hagler et al. 2012,B,greening,,,Hagler et al. 2012,Field investigation of roadside vegetative and structural barrier impact on near-road ultrafine particle concentrations under a variety of wind conditions,Science of the Total Environment,TBD,USA,roadside vegetation barrier effect on ultrafine particles,near-road field measurement,Vigevani et al. 2024 Atmos Environ X (10.1016/j.aeaoa.2023.100233)
B132,10.1016/j.scitotenv.2012.06.089,5-cities:Boogaard_2012,B,low_emission_zone,,,Boogaard_2012,Impact of low emission zones and local traffic policies on ambient air pollution concentrations,Science of the Total Environment,5 cities,Netherlands,"LEZ alone (old HDV) no significant change; streets with combined policies: soot -41%, NOx -36%, NO2 -25% vs -22%/-14%/-7% at controls",before/after monitoring at 8 locations with control sites,Delgado-Lindeman 2025 ETRR review
B133,10.1016/j.scitotenv.2012.10.101,tbd:Salmond et al. 2013,B,greening,,,Salmond et al. 2013,The influence of vegetation on the horizontal and vertical distribution of pollutants in a street canyon,Science of the Total Environment,TBD,New Zealand,street trees effect on pollutant distribution in canyon,street canyon field measurement,Knight et al. 2021 Environ Evid (Additional file 7)
B134,10.1016/j.scitotenv.2014.06.048,"london:Doick, Peace & Hutchings 2014",B,greening,,,"Doick, Peace & Hutchings 2014",The role of one large greenspace in mitigating London's nocturnal urban heat island,Science of the Total Environment,London,UK,nocturnal cooling extent of large greenspace,transect + station measurement,Knight et al. 2021 Environ Evid (Additional file 7); also in Aram et al. 2019
B135,10.1016/j.scitotenv.2016.02.035,tbd:Lin et al. 2016,B,greening,,,Lin et al. 2016,The effects of vegetation barriers on near-road ultrafine particle number and carbon monoxide concentrations,Science of the Total Environment,TBD,USA,vegetation barrier reduction of UFP and CO near road,near-road field measurement,Vigevani et al. 2024 Atmos Environ X (10.1016/j.aeaoa.2023.100233)
B136,10.1016/j.scitotenv.2017.11.327,"tbd:Yan, Wu & Dong 2018",B,greening,,,"Yan, Wu & Dong 2018",Influence of a large urban park on the local urban thermal environment,Science of the Total Environment,TBD,China,large park influence on local thermal environment,station network observation,Knight et al. 2021 Environ Evid (Additional file 7); also in Aram et al. 2019
B137,10.1016/j.scitotenv.2018.12.262,tbd:Ozdemir 2019,B,greening,,,Ozdemir 2019,Mitigation impact of roadside trees on fine particle pollution,Science of the Total Environment,TBD,Turkey,roadside trees effect on fine particle concentrations,roadside field measurement,Vigevani et al. 2024 Atmos Environ X (10.1016/j.aeaoa.2023.100233)
B138,10.1016/j.scs.2010.12.001,tirana:Fintikakis_2011,B,combined,,,Fintikakis_2011,"Bioclimatic design of open public spaces in the historic centre of Tirana, Albania",Sustainable Cities and Society,Tirana,Albania,25000 m2 bioclimatic rehabilitation combining IR-reflective cool pavements + greenery + shading; pavement surface up to 8C cooler (measured); ambient -2.1C (model-estimated),Implemented urban regeneration with surface/microclimate monitoring + simulation,Urban Climate 2023 cool pavements systematic review; Akbari et al. 2016 JCEM
B139,10.1016/j.scs.2015.03.003,perugia:Pisello_2015,B,cool_roof,,,Pisello_2015,Thermal-energy analysis of roof cool clay tiles for application in historic buildings and cities,Sustainable Cities and Society,Perugia,Italy,significantly reduced attic temperatures and cooling energy in historic building; CO2 reduction,monitored historic building retrofit with cool clay tiles,Aggarwal & Molleti 2024 (10.3390/buildings14082257)
B140,10.1016/j.scs.2017.11.035,acharnes-(athens):Kolokotsa_2018,B,combined,,,Kolokotsa_2018,"Cool roofs and cool pavements application in Acharnes, Greece",Sustainable Cities and Society,Acharnes (Athens),Greece,Combined cool roofs (municipal building) + cool paving stones (square/sidewalk); pavement surface -10K (measured); 17% annual cooling energy demand reduction,"Field monitoring (meteorological, surface temp, thermal imaging) of implemented measures + EnergyPlus/ENVI-met models",Urban Climate 2023 cool pavements systematic review (Table 5)
B141,10.1016/j.tra.2015.04.029,25-cities:Malina_Scheffler_2015,B,low_emission_zone,,,Malina_Scheffler_2015,The impact of low emission zones on particulate matter concentration and public health,Transportation Research Part A,25 cities,Germany,PM10 -19%; estimated 379-840 premature deaths avoided,before/after monitoring regression with meteorological controls,Delgado-Lindeman 2025 ETRR review
B142,10.1016/j.trd.2013.03.010,london:Ellison_2013,B,low_emission_zone,,,Ellison_2013,Five years of London's low emission zone: Effects on vehicle fleet composition and air quality,Transportation Research Part D,London,UK,Vehicle fleet composition shift and air quality change over five years of the London LEZ,before/after fleet and monitoring data analysis,found via Crossref bibliographic search; verified title match 1.0
B143,10.1016/j.trd.2020.102689,madrid:Salas_2021,B,low_emission_zone,,,Salas_2021,Were traffic restrictions in Madrid effective at reducing NO2 levels?,Transportation Research Part D,Madrid,Spain,NO2 reduction inside Madrid Central (review: Madrid studies report NO2 -9.5% to -38%),before/after monitoring with statistical controls,Delgado-Lindeman 2025 ETRR review
B144,10.1016/j.uclim.2013.01.001,manchester:Speak et al. 2013,B,greening,,,Speak et al. 2013,Reduction of the urban cooling effects of an intensive green roof due to vegetation damage,Urban Climate,Manchester,UK,intensive green roof air temperature cooling,paired roof measurement,Knight et al. 2021 Environ Evid (Additional file 7)
B145,10.1016/j.uclim.2015.02.001,tbd:Fantozzi et al. 2015,B,greening,,,Fantozzi et al. 2015,Spatio-temporal variations of ozone and nitrogen dioxide concentrations under urban trees and in a nearby open area,Urban Climate,TBD,Italy,O3 and NO2 under tree canopy vs open area,paired site field measurement,Knight et al. 2021 Environ Evid (Additional file 7)
B146,10.1016/j.uclim.2016.02.003,paris:Hendel_2016,B,combined,,,Hendel_2016,Measuring the effects of urban heat island mitigation techniques in the field: application to the case of pavement-watering in Paris,Urban Climate,Paris,France,"Operational street pavement-watering (city cleaning water network); field-measured air temperature, humidity and UTCI thermal comfort improvements at watered vs control streets",Paired watered/control street field monitoring over summers 2013-2014,Hendel 2016 PhD thesis (fetched) and citing record pages
B147,10.1016/j.uclim.2017.02.002,athens:Kyriakodis_2018,B,cool_roof,,,Kyriakodis_2018,Using reflective pavements to mitigate urban heat island in warm climates - results from a large scale urban mitigation project,Urban Climate,Athens,Greece,pavement surface -11 C (37000 m2 reflective asphalt + photocatalytic concrete),monitored large-scale urban mitigation project,Kousis & Pisello 2023 (10.1016/j.uclim.2023.101470)
B148,10.1016/j.ufug.2009.10.002,nagoya:Hamada & Ohta 2010,B,greening,,,Hamada & Ohta 2010,Seasonal variations in the cooling effect of urban green areas on surrounding urban areas,Urban Forestry & Urban Greening,Nagoya,Japan,seasonal cooling of green area on surroundings,transect field measurement,Aram et al. 2019 Heliyon
B149,10.1016/j.ufug.2011.10.001,hong-kong:Jim & Peng 2012,B,greening,,,Jim & Peng 2012,Weather effect on thermal and energy performance of an extensive tropical green roof,Urban Forestry & Urban Greening,Hong Kong,China,green roof thermal/energy performance by weather,instrumented roof monitoring,Knight et al. 2021 Environ Evid (Additional file 7)
B150,10.1016/j.ufug.2013.03.002,"tbd:Vailshery, Jaganmohan & Nagendra 2013",B,greening,,,"Vailshery, Jaganmohan & Nagendra 2013",Effect of street trees on microclimate and air pollution in a tropical city,Urban Forestry & Urban Greening,TBD,India,street tree effects on temperature and air pollution,paired street segment measurement,Vigevani et al. 2024 Atmos Environ X; also in Knight et al. 2021
B151,10.1016/j.ufug.2015.11.013,"adelaide:Razzaghmanesh, Beecham & Salemi 2016",B,greening,,,"Razzaghmanesh, Beecham & Salemi 2016","The role of green roofs in mitigating Urban Heat Island effects in the metropolitan area of Adelaide, South Australia",Urban Forestry & Urban Greening,Adelaide,Australia,green roof UHI mitigation (temperature),field monitoring,Knight et al. 2021 Environ Evid (Additional file 7)
B152,10.1016/j.ufug.2016.02.008,london:Vaz Monteiro et al. 2016,B,greening,,,Vaz Monteiro et al. 2016,The impact of greenspace size on the extent of local nocturnal air temperature cooling in London,Urban Forestry & Urban Greening,London,UK,greenspace size vs nocturnal cooling extent,station network observation,Knight et al. 2021 Environ Evid (Additional file 7); also in Aram et al. 2019
B153,10.1016/j.ufug.2016.09.001,"mainz:Linden, Fonti & Esper 2016",B,greening,,,"Linden, Fonti & Esper 2016","Temporal variations in microclimate cooling induced by urban trees in Mainz, Germany",Urban Forestry and Urban Greening,Mainz,Germany,tree-induced air temperature cooling,field measurement,Knight et al. 2021 Environ Evid (Additional file 7)
B154,10.1016/s0301-4215(00)00023-9,not-specified:Haas_Biermayr_2000,B,retrofit,,,Haas_Biermayr_2000,The rebound effect for space heating: empirical evidence from Austria,Energy Policy,not specified,Austria,measured space-heating consumption in retrofitted homes; empirical rebound effect estimated,pre/post empirical consumption analysis,van den Brom et al. 2019 Energy & Buildings reference list
B155,10.1016/s0360-1323(02)00066-5,singapore:Wong et al. 2003,B,greening,,,Wong et al. 2003,Investigation of thermal benefits of rooftop garden in the tropical environment,Building and Environment,Singapore,Singapore,rooftop garden surface/air temperature reduction,before/after field measurement,Knight et al. 2021 Environ Evid (Additional file 7)
B156,10.1016/s0378-7788(01)00062-7,tbd:Niachou et al. 2001,B,greening,,,Niachou et al. 2001,Analysis of the green roof thermal properties and investigation of its energy performance,Energy and Buildings,TBD,Greece,"green roof energy savings (2-44% total, insulation-dependent)",field measurement + simulation,Nasr et al. 2024 Energies review (10.3390/en17205160)
B157,10.1016/S0378-7788(96)01000-6,"multiple-sites,-florida:Parker_1997",B,cool_roof,,,Parker_1997,Roof solar reflectance and cooling energy use: field research results from Florida,Energy and Buildings,"multiple sites, Florida",USA,substantial measured cooling energy savings in residences (field savings >20% reported when reflectance raised from 0.1-0.2 to 0.6),pre/post monitoring of occupied homes,Aggarwal & Molleti 2024 (10.3390/buildings14082257)
B158,10.1016/S0378-7788(96)01001-8,sacramento:Akbari_1997,B,cool_roof,,,Akbari_1997,Peak power and cooling energy savings of high-albedo roofs,Energy and Buildings,Sacramento,USA,seasonal cooling savings ~2.2 kWh/day (~264 kWh/season); peak demand -0.6 kW,"monitored house and two school buildings, roof albedo raised 0.18 to 0.73",Rawat & Singh 2022 (10.1016/j.enbenv.2021.03.001)
B159,10.1016/s0378-7788(98)00032-2,"tbd:Ca, Asaeda & Abu 1998",B,greening,,,"Ca, Asaeda & Abu 1998",Reductions in air conditioning energy caused by a nearby park,Energy and Buildings,TBD,Japan,park cooling reduced nearby air-conditioning energy,field measurement + energy estimate,Knight et al. 2021 Environ Evid (Additional file 7); also in Aram et al. 2019
B160,10.1016/S2468-2667(18)30202-0,london:Mudway_2019,B,low_emission_zone,,,Mudway_2019,Impact of London's low emission zone on air quality and children's respiratory health: a sequential annual cross-sectional study,Lancet Public Health,London,UK,NO2 -6% to -9%; PM10 not reduced; PM2.5 equivocal; children above NO2 limits fell 99% to 34%,sequential annual cross-sectional with monitored/modelled exposure,Delgado-Lindeman 2025 ETRR review
B161,10.1021/acs.est.5b04886,guangzhou:Cao_2015,B,cool_roof,,,Cao_2015,"Cool Roofs in Guangzhou, China: Outdoor Air Temperature Reductions during Heat Waves and Typical Summer Conditions",Environmental Science & Technology,Guangzhou,China,"measured outdoor air temperature reductions above cool vs conventional roofs, larger during heat waves",paired roof outdoor measurement campaign on real buildings,Aggarwal & Molleti 2024 (10.3390/buildings14082257)
B162,10.1021/es404363m,tbd:Maher 2013,B,greening,,,Maher 2013,Impact of roadside tree lines on indoor concentrations of traffic-derived particulate matter,Environmental Science & Technology,TBD,UK,~50% lower indoor PM behind temporary roadside tree line,before/after intervention measurement,Vigevani et al. 2024 Atmos Environ X (DOI printed in source appeared erroneous; marked TBD)
B163,10.1038/s41467-023-36972-5,phoenix:Schneider_2023,B,combined,,,Schneider_2023,Evidence-based guidance on reflective pavement for urban heat mitigation in Arizona,Nature Communications,Phoenix,USA,58 km reflective pavement seal (city pilot); surface -8.4C max at noon but mean radiant temp +2.3 to +5.1C midday; minimal air temp change; albedo degraded over 7 months,Micrometeorological comparison of three treated vs untreated neighborhoods,Systems 14:82 (2026) UHI systematic review
B164,10.1038/srep33708,tbd:Edmondson et al. 2016,B,greening,,,Edmondson et al. 2016,Soil surface temperatures reveal moderation of the urban heat island effect by trees and shrubs,Scientific Reports,TBD,UK,soil surface temperature moderation under trees/shrubs,distributed sensor field observation,Knight et al. 2021 Environ Evid (Additional file 7)
B165,10.1068/a200517,not-specified:Brown_White_1988,B,retrofit,,,Brown_White_1988,Stimulating energy conservation by sharing the savings: a community-based approach,Environment and Planning A,not specified,USA,measured savings from shared-savings community weatherization; savings rose ~190-200 kWh per 1000 kWh higher baseline (RECAP),pre/post billing analysis,Giandomenico et al. 2022 Annu Rev Resour Econ
B166,10.1080/014311698214884,vancouver;-sacramento:Spronken-Smith & Oke 1998,B,greening,,,Spronken-Smith & Oke 1998,The thermal regime of urban parks in two cities with different summer climates,International Journal of Remote Sensing,Vancouver; Sacramento,Canada; USA,park cool island thermal regime,traverses + thermal remote sensing,Knight et al. 2021 Environ Evid (Additional file 7); also in Aram et al. 2019
B167,10.1080/09613218.2012.690952,national-(3400-dwellings):SunikkaBlank_Galvin_2012,B,retrofit,,,SunikkaBlank_Galvin_2012,Introducing the prebound effect: the gap between performance and actual energy consumption,Building Research & Information,national (3400 dwellings),Germany,measured heating consumption ~30% below calculated EPR on average; gap grows with worse rating (prebound effect),cross-sectional measured vs calculated consumption,Sustainability 2024 16:7792 EPG-LCA review; also cited in van den Brom et al. 2019
B168,10.1080/10962247.2013.868380,cologne/berlin/munich:Cyrys_2014,B,low_emission_zone,,,Cyrys_2014,Low emission zones reduce PM10 mass concentrations and diesel soot in German cities,Journal of the Air & Waste Management Association,Cologne/Berlin/Munich,Germany,PM10 -5% to -12% ex-post; diesel-related PM reductions up to 60%,synthesis of ex-post monitoring evaluations,Delgado-Lindeman 2025 ETRR review
B169,10.1080/14733315.2012.11683966,"marousi,-athens:Santamouris_2012a",B,cool_roof,,,Santamouris_2012a,"Improving the Microclimate in a Dense Urban Area Using Experimental and Theoretical Techniques - The Case of Marousi, Athens",International Journal of Ventilation,"Marousi, Athens",Greece,16000 m2 reflective pavements (albedo 0.70-0.78); est. near-surface air temp -1.2 to -2.0 C,experimental + theoretical evaluation of large urban repaving,Kousis & Pisello 2023 (10.1016/j.uclim.2023.101470)
B170,10.1080/17512549.2013.865560,rome:Pisello_2013,B,cool_roof,,,Pisello_2013,Active cool roof effect: impact of cool roofs on cooling system efficiency,Advances in Building Energy Research,Rome,Italy,cooling energy requirement -34%; roof overheating -20 C; cooler suction air for rooftop heat pumps,monitored industrial/office building with rooftop HVAC units,Rawat & Singh 2022 (10.1016/j.enbenv.2021.03.001)
B171,10.1080/17512549.2014.890540,"pantnagar,-uttarakhand:Arumugam_2014",B,cool_roof,,,Arumugam_2014,Experimental determination of comfort benefits from cool-roof application to an un-conditioned building in India,Advances in Building Energy Research,"Pantnagar, Uttarakhand",India,seasonal avg indoor air temp -1.07 C (peak -1.38 C); ceiling heat flux -14.4 W/m2; +8% comfort hours,"coated vs uncoated adjoining roof sections, 6-month monitoring",Rawat & Singh 2022 (10.1016/j.enbenv.2021.03.001)
B172,10.1088/1748-9326/7/1/014029,new-york:Gaffin_2012,B,cool_roof,,,Gaffin_2012,Bright is the new black - multi-year performance of high-albedo roofs in an urban climate,Environmental Research Letters,New York,USA,Three monitored white roofs on real buildings: peak rooftop temp reduced ~43F average; professional membranes kept aged albedo >0.50,Multi-year field monitoring of three in-service NYC building roofs (NYC CoolRoofs context),IOPscience full text and NASA GISS pages fetched
B173,10.1088/1748-9326/8/1/015023,"davis,-california:Li_2013",B,cool_roof,,,Li_2013,The use of reflective and permeable pavements as a potential practice for heat island mitigation and stormwater management,Environmental Research Letters,"Davis, California",USA,permeable pavements up to 10-25 C cooler than impermeable when wet; albedo raised 0.1 to 0.3 cuts surface temp ~12 C,instrumented outdoor pavement test sections with irrigation trials,Kousis & Pisello 2023 (10.1016/j.uclim.2023.101470)
B174,10.1088/1748-9326/ab87d4,los-angeles:Middel_2020,B,cool_roof,,,Middel_2020,Solar reflective pavements - A policy panacea to heat mitigation?,Environmental Research Letters,Los Angeles,USA,coated pavement surface -6 C (13000 m2; albedo 0.06-0.08 raised to 0.18-0.25),field observations of city cool pavement program,Kousis & Pisello 2023 (10.1016/j.uclim.2023.101470)
B175,10.1088/1748-9326/ac30c1,london:Ma_2021,B,low_emission_zone,,,Ma_2021,Has the ultra low emission zone in London improved air quality?,Environmental Research Letters,London,UK,NO2 change post-ULEZ evaluated; review synthesis: ULEZ studies found NO2 -10% to -20% (3 studies) or <5% (1 study),before/after counterfactual analysis of monitoring data,Delgado-Lindeman 2025 ETRR review
B176,10.1088/1748-9326/ac58a8,"covina,-los-angeles:Ko_2022",B,cool_roof,,,Ko_2022,Measuring the impacts of a real-world neighborhood-scale cool pavement deployment on albedo and temperatures in Los Angeles,Environmental Research Letters,"Covina, Los Angeles",USA,albedo +0.18 (0.08 to 0.26); max neighborhood surface temp -5 C and air temp -0.2 C; first measured air temp reduction,controlled neighborhood-scale (0.64 km2) field measurement with degradation tracking,cited in Kousis & Pisello 2023 refs; abstract fetched via NSF PAR
B177,10.1088/2515-7620/ad2a8e,"pacoima,-los-angeles:Taha_2024",B,cool_roof,,,Taha_2024,"Micrometeorological effects and thermal-environmental benefits of cool pavements: findings from a detailed observational field study in Pacoima, California",Environmental Research Communications,"Pacoima, Los Angeles",USA,max street-segment air temp -1.9 C (heatwave afternoons); surface up to -9.2 C; mean surface -2.6 C; PET -0.2 to -0.6 C,"multi-platform observational field study, test vs reference street segments + difference-of-differences",found via web search; full record verified via Crossref
B178,10.1136/oem.2007.036533,london:Tonne_2008,B,low_emission_zone,,,Tonne_2008,Air pollution and mortality benefits of the London congestion charge: spatial and socioeconomic inequalities,Occupational and Environmental Medicine,London,UK,"Modest concentration reductions across Greater London, larger within charging zone; 183 years of life per 100000 in zone wards",before/after dispersion modelling with monitoring data,cited in Johansson 2009 (fetched) and Invernizzi 2011 (fetched)
B179,10.1136/oem.2010.063750,rome:Cesaroni_2012,B,low_emission_zone,,,Cesaroni_2012,Health benefits of traffic-related air pollution reduction in different socioeconomic groups: the effect of low-emission zoning in Rome,Occupational and Environmental Medicine,Rome,Italy,PM10 emissions -33%; NO2 -58% within zone; 921 years-of-life gained per 100000,ex-post full-chain accountability evaluation,Delgado-Lindeman 2025 ETRR review
B180,10.1155/2015/747259,tbd:Jänicke et al. 2014,B,greening,,,Jänicke et al. 2014,Evaluating the Effects of Façade Greening on Human Bioclimate in a Complex Urban Environment,Advances in Meteorology,TBD,Germany,facade greening effect on outdoor bioclimate,field measurement + modelling,Knight et al. 2021 Environ Evid (Additional file 7)
B181,10.1162/rest_a_01087,illinois-(state):Christensen_2021,B,retrofit,,,Christensen_2021,Decomposing the wedge between projected and realized returns in energy efficiency programs,Review of Economics and Statistics,Illinois (state),USA,realized savings below projections; wall insulation realization shortfall up to 20%; $7.65/tCO2 abated,quasi-experimental billing analysis (Illinois WAP),Giandomenico et al. 2022 Annu Rev Resour Econ
B182,10.1177/0143624410394518,athens:Gaitani_2011,B,combined,,,Gaitani_2011,Improving the microclimate in urban areas: a case study in the centre of Athens,Building Services Engineering Research and Technology,Athens,Greece,Combined cool pavements + green spaces + solar control + earth-to-air heat exchangers on 4160 m2 square; cool pavement surface up to 4.8C cooler than asphalt (measured); local summer air temp decrease up to 2C,Pre/post field monitoring campaigns of implemented bioclimatic rehabilitation + CFD-assisted evaluation,Urban Climate 2023 cool pavements systematic review (Table 5); also Akbari et al. 2016 JCEM
B183,10.1371/journal.pone.0102999,17-cities:Morfeld_2014,B,low_emission_zone,,,Morfeld_2014,"Effectiveness of low emission zones: Large scale analysis of changes in environmental NO2, NO and NOx concentrations in 17 German cities",PLoS One,17 cities,Germany,NO2 -4%; NO and NOx -4% (small but significant),before/after monitoring in/out zones (fixed-effects regression),Delgado-Lindeman 2025 ETRR review
B184,10.1515/noise-2020-0015,monza:Silvaggio_2020,B,low_emission_zone,,,Silvaggio_2020,Life Monza: Comparison between ante and post-operam noise and air quality monitoring activities in a noise Low emission zone,Noise Mapping,Monza,Italy,NO2 -3% inside zone (small +5% outside); PM10 not significant,ante/post-operam monitoring with GAM models,Delgado-Lindeman 2025 ETRR review
B185,10.2134/jeq2015.01.0049,tbd:Sugawara et al. 2016,B,greening,,,Sugawara et al. 2016,Thermal influence of a large green space on a hot urban environment,Journal of Environmental Quality,TBD,Japan,large green space cooling of surroundings,field observation,Knight et al. 2021 Environ Evid (Additional file 7)
B186,10.2166/wst.2008.187,tokyo-(shiodome):Yamagata_2008,B,combined,,,Yamagata_2008,Heat island mitigation using water retentive pavement sprinkled with reclaimed wastewater,Water Science and Technology,Tokyo (Shiodome),Japan,Water-retentive pavement + reclaimed wastewater sprinkling; road surface -8C daytime and -3C night; sensible-to-latent heat flux shift; WBGT measured,Field survey comparing sprinkled vs non-sprinkled areas of implemented system,Cited in Hendel 2016 pavement-watering thesis lit review; verified via doi.org record
B187,10.2208/prohe.38.381,nagaoka:Kinouchi_Kanda_1997,B,combined,,,Kinouchi_Kanda_1997,An observation on the climatic effect of watering on paved roads,Journal of Hydroscience and Hydraulic Engineering,Nagaoka,Japan,Road watering using preexisting snow-melting pipe infrastructure; observed cooling of paved road surfaces and local climate during hot weather,Field observation of watered vs unwatered paved road sections,Hendel 2016 PhD thesis pavement-watering literature review (fetched)
B188,10.3354/cr006045,los-angeles-(san-gabriel-valley):Grimmond_1996,B,combined,,,Grimmond_1996,"Influence of tree cover on summertime surface energy balance fluxes, San Gabriel Valley, Los Angeles",Climate Research,Los Angeles (San Gabriel Valley),USA,Paired neighborhoods with 30% vs 10% irrigated tree/shrub cover; higher latent heat flux but also higher net radiation and slightly higher ambient temps at high-tree site,Simultaneous two-site surface energy balance field campaign (18 clear-sky summer days),Santamouris et al. 2018 JCEM greenery review (combined-technologies section)
B189,10.3368/jhr.56.4.0218-9363r2,stockholm:Simeonova_2021,B,low_emission_zone,,,Simeonova_2021,"Congestion pricing, air pollution, and children's health",Journal of Human Resources,Stockholm,Sweden,PM10 -13.7% (4.6 ug/m3); NO2 -18.7% (6.2 ug/m3); child acute asthma visits -50%,difference-in-differences vs other Swedish city centres,Lancet Public Health 2023 review
B190,10.3386/w21331,michigan-(state):Fowlie_Greenstone_Wolfram_2018,B,retrofit,,,Fowlie_Greenstone_Wolfram_2018,Do energy efficiency investments deliver? Evidence from the Weatherization Assistance Program,Quarterly Journal of Economics,Michigan (state),USA,measured savings well below engineering projections (realization rate <1); $329/tCO2 abated,randomized controlled trial with billing data,Giandomenico et al. 2022 Annu Rev Resour Econ
B191,10.3390/app132011451,gimhae:Lee_2023,B,combined,,,Lee_2023,The evaluation of the temperature reduction effects of cool roofs and cool pavements as urban heatwave mitigation strategies,Applied Sciences,Gimhae,South Korea,"Combined cool roofs + cool pavements installed district-wide; roof surface -15.5C avg (max 22.9C), indoor air -2.7C; pavement surface -1.8 to -5.8C (parking) and -2.5 to -4.3C (alleys)",Field experiment with thermal imaging + temperature loggers at 6 roof sites and multiple pavement sites,Systems 14:82 (2026) UHI systematic review
B192,10.3390/atmos9090332,baoji:Qiu et al. 2018,B,greening,,,Qiu et al. 2018,"The reducing effect of green spaces with different vegetation structure on atmospheric particulate matter concentration in BaoJi City, China",Atmosphere,Baoji,China,green space vegetation structure effect on PM concentration,in-situ green space measurement,Vigevani et al. 2024 Atmos Environ X (10.1016/j.aeaoa.2023.100233)
B193,10.3390/en13051246,tbd:Peñalvo López et al. 2020,B,greening,,,Peñalvo López et al. 2020,Study of the Improvement on Energy Efficiency for a Building in the Mediterranean Area by the Installation of a Green Roof System,Energies,TBD,Spain,green roof ~30% cooling and ~15% heating demand reduction,before/after building energy measurement,direct web search (fetched open-access article)
B194,10.3390/en6020598,hong-kong:Peng_Jim_2013,B,greening,,,Peng_Jim_2013,Green-roof effects on neighborhood microclimate and human thermal sensation,Energies,Hong Kong,China,Green roof effects on neighborhood air temperature and outdoor thermal sensation,field measurement around implemented green roof,found via Crossref bibliographic search; verified title match 0.993
B195,10.3390/en8065303,tbd-(tropical-queensland):Miller_2015,B,cool_roof,,,Miller_2015,Analysis of cool roof coatings for residential demand side management in tropical Australia,Energies,TBD (tropical Queensland),Australia,reduced cooling demand of monitored residences (demand side management benefit),field monitoring of occupied homes with cool roof coatings,Aggarwal & Molleti 2024 (10.3390/buildings14082257)
B196,10.3390/ijerph110505094,munich:Fensterer_2014,B,low_emission_zone,,,Fensterer_2014,Evaluation of the impact of low emission zone and heavy traffic ban in Munich (Germany) on the reduction of PM10 in ambient air,International Journal of Environmental Research and Public Health,Munich,Germany,PM10 -13% at busy road; -4.5% at urban background site,before/after monitoring vs reference site (semi-parametric regression),Delgado-Lindeman 2025 ETRR review
B197,10.3390/ijerph16081465,baoji:Qiu et al. 2019,B,greening,,,Qiu et al. 2019,"Difference of airborne particulate matter concentration in urban space with different green coverage rates in Baoji, China",International Journal of Environmental Research and Public Health,Baoji,China,PM concentration vs green coverage rate,comparative field measurement,Vigevani et al. 2024 Atmos Environ X (10.1016/j.aeaoa.2023.100233)
B198,10.3390/ijerph18189705,nanjing:Yang & Chen 2021,B,greening,,,Yang & Chen 2021,PM2.5 pollutant concentrations in greenspaces of Nanjing are high but can be lowered with environmental planning,International Journal of Environmental Research and Public Health,Nanjing,China,PM2.5 concentrations in greenspaces vs planning factors,greenspace field monitoring,Vigevani et al. 2024 Atmos Environ X (10.1016/j.aeaoa.2023.100233)
B199,10.3390/ma14123431,pingtung:Yang_2021,B,cool_roof,,,Yang_2021,A Study on Heat Storage and Dissipation Efficiency at Permeable Road Pavements,Materials,Pingtung,Taiwan,heat storage/dissipation of semi- and fully-permeable asphalt on 850 m2 of real road,monitored large-scale permeable pavement application,Kousis & Pisello 2023 (10.1016/j.uclim.2023.101470)
B200,10.3390/smartcities3020025,madrid:Lebrusan_Toutouh_2020,B,low_emission_zone,,,Lebrusan_Toutouh_2020,Using smart city tools to evaluate the effectiveness of a Low Emissions Zone in Spain: Madrid Central,Smart Cities,Madrid,Spain,NO2 -14% to -38% by station; PM2.5 0 to -8%; PM10 0 to -4%; no edge effects,"before/after monitoring (22 sensors, Mann-Whitney tests)",Delgado-Lindeman 2025 ETRR review
B201,10.3390/su14084843,seoul:Park_2022,B,cool_roof,,,Park_2022,Effects of a Cool Roof System on the Mitigation of Building Temperature: Empirical Evidence from a Field Experiment,Sustainability,Seoul,South Korea,"roof surface temp -5.6 C; indoor air -0.56 C (annual average, regression-controlled)","four-season field experiment, conventional vs cool roof with data loggers",found via web search; metadata verified via Crossref
B202,10.3390/su16229919,"gimhae,-yechun,-geyang,-sangju:Kwon_2024",B,combined,,,Kwon_2024,Exploring the heat mitigation effects of urban climate adaptation facilities,Sustainability,"Gimhae, Yechun, Geyang, Sangju",South Korea,Combined program: cooling fog -3.1C ambient; cool roofs -2 to -3C surface; shading structures -10C surface; small water paths -1.5C air; WBGT/UTCI comfort improved,Multi-year (2021-2023) field deployment with continuous IoT sensor monitoring across four cities,Systems 14:82 (2026) UHI systematic review
B203,10.3390/su9081379,aracaju:Anjos & Lopes 2017,B,greening,,,Anjos & Lopes 2017,"Urban Heat Island and Park Cool Island intensities in the coastal city of Aracaju, North-Eastern Brazil",Sustainability,Aracaju,Brazil,park cool island intensity (air temperature),urban station network / field observation,Knight et al. 2021 Environ Evid (Additional file 7)
B204,10.3390/w11122635,taipei:Cheng_2019,B,cool_roof,,,Cheng_2019,Field testing of porous pavement performance on runoff and temperature control in Taipei City,Water,Taipei,Taiwan,porous pavement surface -6.6 C summer / -0.7 C winter (200 m sidewalk + 200 m bike lane),monitored street-scale installation,Kousis & Pisello 2023 (10.1016/j.uclim.2023.101470)
B205,10.4103/ijoem.ijoem_120_19,ahmedabad:Vellingiri_2020,B,cool_roof,,,Vellingiri_2020,Combating climate change-induced heat stress: Assessing cool roofs and its impact on the indoor ambient temperature of the households in the urban slums of Ahmedabad,Indian Journal of Occupational and Environmental Medicine,Ahmedabad,India,"Cool roof interventions (solar reflective white paint on tin, Modroof, Thermocol insulation) significantly reduced indoor ambient temperature vs control households",Intervention vs control household comparison across 16 slum dwellings with continuous data loggers,PMC full text and Ovid journal page fetched
B206,10.5547/01956574.37.4.jziv,not-specified:GraffZivin_Novan_2016,B,retrofit,,,GraffZivin_Novan_2016,Upgrading efficiency and behavior: electricity savings from residential weatherization programs,Energy Journal,not specified,USA,measured electricity savings; behaviorally encouraged participants saved 16.9% more,RCT/quasi-experimental billing analysis,Giandomenico et al. 2022 Annu Rev Resour Econ
B207,10.5547/issn0195-6574-ej-vol8-no2-7,pacific-northwest-(region):Hirst_1987,B,retrofit,,,Hirst_1987,Energy and economic effects of utility financial incentive programs: the BPA residential weatherization program,Energy Journal,Pacific Northwest (region),USA,measured electricity savings; wall insulation below predictions; storm windows least cost-effective,program evaluation with metered consumption,Giandomenico et al. 2022 Annu Rev Resour Econ
